source,target,relationship,relationship_type,confidence,source_ref,source_feed,source_kind,deterministic,inferred,retrieved_at,transform_version,metadata_json
ART-DNS-LOOKUP,D3-DNSAL,technique_mitigated_by_countermeasure,TECHNIQUE_MITIGATED_BY_COUNTERMEASURE,curated,generated:knowledge_builder:sample_bundle,curated,curated,True,False,2026-06-07T01:06:38Z,knowledge_builder:0.3.0,"{""confidence"": ""curated"", ""curation_status"": ""curated"", ""deterministic"": true, ""inferred"": false, ""retrieved_at"": ""2026-06-07T01:06:38Z"", ""source_feed"": ""curated"", ""source_kind"": ""curated"", ""source_ref"": ""generated:knowledge_builder:sample_bundle"", ""source_type"": ""artifact"", ""target_type"": ""d3fend"", ""transform_version"": ""knowledge_builder:0.3.0""}"
ART-DNS-LOOKUP,D3-DNSDL,technique_mitigated_by_countermeasure,TECHNIQUE_MITIGATED_BY_COUNTERMEASURE,curated,generated:knowledge_builder:sample_bundle,curated,curated,True,False,2026-06-07T01:06:38Z,knowledge_builder:0.3.0,"{""confidence"": ""curated"", ""curation_status"": ""curated"", ""deterministic"": true, ""inferred"": false, ""retrieved_at"": ""2026-06-07T01:06:38Z"", ""source_feed"": ""curated"", ""source_kind"": ""curated"", ""source_ref"": ""generated:knowledge_builder:sample_bundle"", ""source_type"": ""artifact"", ""target_type"": ""d3fend"", ""transform_version"": ""knowledge_builder:0.3.0""}"
ART-EGRESS-NETWORK,CTRL-EGRESS-MONITORING,protected_by_control,PROTECTED_BY_CONTROL,high,curated:control,curated,curated,True,False,2026-06-07T01:06:38Z,mapping_backbone:0.2.1,"{""confidence"": ""high"", ""curation_status"": ""public-compatible"", ""deterministic"": true, ""inferred"": false, ""license"": ""attack2defend-curated-baseline"", ""mapping_file"": ""data/mappings/backbone_core.json"", ""owner"": ""Infra"", ""retrieved_at"": ""2026-06-07T01:06:38Z"", ""source_feed"": ""curated"", ""source_kind"": ""curated"", ""source_ref"": ""curated:control"", ""source_type"": ""artifact"", ""target_type"": ""control"", ""transform_version"": ""mapping_backbone:0.2.1""}"
ART-ENDPOINT-PROCESS,CTRL-EDR-PROCESS,protected_by_control,PROTECTED_BY_CONTROL,high,curated:control,curated,curated,True,False,2026-06-07T01:06:38Z,mapping_backbone:0.2.1,"{""confidence"": ""high"", ""curation_status"": ""public-compatible"", ""deterministic"": true, ""inferred"": false, ""license"": ""attack2defend-curated-baseline"", ""mapping_file"": ""data/mappings/backbone_core.json"", ""owner"": ""SOC"", ""retrieved_at"": ""2026-06-07T01:06:38Z"", ""source_feed"": ""curated"", ""source_kind"": ""curated"", ""source_ref"": ""curated:control"", ""source_type"": ""artifact"", ""target_type"": ""control"", ""transform_version"": ""mapping_backbone:0.2.1""}"
ART-INTERNET-FACING-APP,CTRL-WAF-VIRTUAL-PATCH,protected_by_control,PROTECTED_BY_CONTROL,high,curated:control,curated,curated,True,False,2026-06-07T01:06:38Z,mapping_backbone:0.2.1,"{""confidence"": ""high"", ""curation_status"": ""public-compatible"", ""deterministic"": true, ""inferred"": false, ""license"": ""attack2defend-curated-baseline"", ""mapping_file"": ""data/mappings/backbone_core.json"", ""owner"": ""AppSec"", ""retrieved_at"": ""2026-06-07T01:06:38Z"", ""source_feed"": ""curated"", ""source_kind"": ""curated"", ""source_ref"": ""curated:control"", ""source_type"": ""artifact"", ""target_type"": ""control"", ""transform_version"": ""mapping_backbone:0.2.1""}"
ART-NETWORK-TRAFFIC,D3-OTF,technique_mitigated_by_countermeasure,TECHNIQUE_MITIGATED_BY_COUNTERMEASURE,curated,generated:knowledge_builder:sample_bundle,curated,curated,True,False,2026-06-07T01:06:38Z,knowledge_builder:0.3.0,"{""confidence"": ""curated"", ""curation_status"": ""curated"", ""deterministic"": true, ""inferred"": false, ""retrieved_at"": ""2026-06-07T01:06:38Z"", ""source_feed"": ""curated"", ""source_kind"": ""curated"", ""source_ref"": ""generated:knowledge_builder:sample_bundle"", ""source_type"": ""artifact"", ""target_type"": ""d3fend"", ""transform_version"": ""knowledge_builder:0.3.0""}"
ART-NETWORK-TRAFFIC,D3-NTA,validated_by_detection,VALIDATED_BY_DETECTION,curated,generated:knowledge_builder:sample_bundle,curated,curated,True,False,2026-06-07T01:06:38Z,knowledge_builder:0.3.0,"{""confidence"": ""curated"", ""curation_status"": ""curated"", ""deterministic"": true, ""inferred"": false, ""retrieved_at"": ""2026-06-07T01:06:38Z"", ""source_feed"": ""curated"", ""source_kind"": ""curated"", ""source_ref"": ""generated:knowledge_builder:sample_bundle"", ""source_type"": ""artifact"", ""target_type"": ""d3fend"", ""transform_version"": ""knowledge_builder:0.3.0""}"
ART-RPC-NETWORK-TRAFFIC,D3-NTA,validated_by_detection,VALIDATED_BY_DETECTION,curated,generated:knowledge_builder:sample_bundle,curated,curated,True,False,2026-06-07T01:06:38Z,knowledge_builder:0.3.0,"{""confidence"": ""curated"", ""curation_status"": ""curated"", ""deterministic"": true, ""inferred"": false, ""retrieved_at"": ""2026-06-07T01:06:38Z"", ""source_feed"": ""curated"", ""source_kind"": ""curated"", ""source_ref"": ""generated:knowledge_builder:sample_bundle"", ""source_type"": ""artifact"", ""target_type"": ""d3fend"", ""transform_version"": ""knowledge_builder:0.3.0""}"
ART-SENSITIVE-FILE,D3-FA,validated_by_detection,VALIDATED_BY_DETECTION,curated,generated:knowledge_builder:sample_bundle,curated,curated,True,False,2026-06-07T01:06:38Z,knowledge_builder:0.3.0,"{""confidence"": ""curated"", ""curation_status"": ""curated"", ""deterministic"": true, ""inferred"": false, ""retrieved_at"": ""2026-06-07T01:06:38Z"", ""source_feed"": ""curated"", ""source_kind"": ""curated"", ""source_ref"": ""generated:knowledge_builder:sample_bundle"", ""source_type"": ""artifact"", ""target_type"": ""d3fend"", ""transform_version"": ""knowledge_builder:0.3.0""}"
ART-URL,D3-UA,validated_by_detection,VALIDATED_BY_DETECTION,curated,generated:knowledge_builder:sample_bundle,curated,curated,True,False,2026-06-07T01:06:38Z,knowledge_builder:0.3.0,"{""confidence"": ""curated"", ""curation_status"": ""curated"", ""deterministic"": true, ""inferred"": false, ""retrieved_at"": ""2026-06-07T01:06:38Z"", ""source_feed"": ""curated"", ""source_kind"": ""curated"", ""source_ref"": ""generated:knowledge_builder:sample_bundle"", ""source_type"": ""artifact"", ""target_type"": ""d3fend"", ""transform_version"": ""knowledge_builder:0.3.0""}"
ART-WAF-LOG,CTRL-WAF-LOGGING,protected_by_control,PROTECTED_BY_CONTROL,high,curated:control,curated,curated,True,False,2026-06-07T01:06:38Z,mapping_backbone:0.2.1,"{""confidence"": ""high"", ""curation_status"": ""public-compatible"", ""deterministic"": true, ""inferred"": false, ""license"": ""attack2defend-curated-baseline"", ""mapping_file"": ""data/mappings/backbone_core.json"", ""owner"": ""SOC"", ""retrieved_at"": ""2026-06-07T01:06:38Z"", ""source_feed"": ""curated"", ""source_kind"": ""curated"", ""source_ref"": ""curated:control"", ""source_type"": ""artifact"", ""target_type"": ""control"", ""transform_version"": ""mapping_backbone:0.2.1""}"
ART-WEB-INPUT,D3-ACH,technique_mitigated_by_countermeasure,TECHNIQUE_MITIGATED_BY_COUNTERMEASURE,curated,generated:knowledge_builder:sample_bundle,curated,curated,True,False,2026-06-07T01:06:38Z,knowledge_builder:0.3.0,"{""confidence"": ""curated"", ""curation_status"": ""curated"", ""deterministic"": true, ""inferred"": false, ""retrieved_at"": ""2026-06-07T01:06:38Z"", ""source_feed"": ""curated"", ""source_kind"": ""curated"", ""source_ref"": ""generated:knowledge_builder:sample_bundle"", ""source_type"": ""artifact"", ""target_type"": ""d3fend"", ""transform_version"": ""knowledge_builder:0.3.0""}"
ART-WEB-SCRIPT,D3-UA,validated_by_detection,VALIDATED_BY_DETECTION,curated,generated:knowledge_builder:sample_bundle,curated,curated,True,False,2026-06-07T01:06:38Z,knowledge_builder:0.3.0,"{""confidence"": ""curated"", ""curation_status"": ""curated"", ""deterministic"": true, ""inferred"": false, ""retrieved_at"": ""2026-06-07T01:06:38Z"", ""source_feed"": ""curated"", ""source_kind"": ""curated"", ""source_ref"": ""generated:knowledge_builder:sample_bundle"", ""source_type"": ""artifact"", ""target_type"": ""d3fend"", ""transform_version"": ""knowledge_builder:0.3.0""}"
CAPEC-100,T1190,attack_pattern_maps_to_technique,ATTACK_PATTERN_MAPS_TO_TECHNIQUE,high,baseline:capec-attack,public-compatible,public-compatible,True,False,2026-06-07T01:06:38Z,mapping_backbone:0.2.1,"{""confidence"": ""high"", ""curation_status"": ""public-compatible"", ""deterministic"": true, ""inferred"": false, ""license"": ""attack2defend-curated-baseline"", ""mapping_file"": ""data/mappings/backbone_core.json"", ""retrieved_at"": ""2026-06-07T01:06:38Z"", ""source_feed"": ""public-compatible"", ""source_kind"": ""public-compatible"", ""source_ref"": ""baseline:capec-attack"", ""source_type"": ""capec"", ""target_type"": ""attack"", ""transform_version"": ""mapping_backbone:0.2.1""}"
CAPEC-126,T1190,attack_pattern_maps_to_technique,ATTACK_PATTERN_MAPS_TO_TECHNIQUE,high,baseline:capec-attack,public-compatible,public-compatible,True,False,2026-06-07T01:06:38Z,mapping_backbone:0.2.1,"{""confidence"": ""high"", ""curation_status"": ""public-compatible"", ""deterministic"": true, ""inferred"": false, ""license"": ""attack2defend-curated-baseline"", ""mapping_file"": ""data/mappings/backbone_core.json"", ""retrieved_at"": ""2026-06-07T01:06:38Z"", ""source_feed"": ""public-compatible"", ""source_kind"": ""public-compatible"", ""source_ref"": ""baseline:capec-attack"", ""source_type"": ""capec"", ""target_type"": ""attack"", ""transform_version"": ""mapping_backbone:0.2.1""}"
CAPEC-129,T1190,attack_pattern_maps_to_technique,ATTACK_PATTERN_MAPS_TO_TECHNIQUE,high,curated:cve-2026-23479,curated,curated,True,False,2026-06-07T01:06:38Z,mapping_backbone:0.2.1,"{""confidence"": ""high"", ""curation_status"": ""curated"", ""deterministic"": true, ""inferred"": false, ""license"": ""attack2defend-curated-baseline"", ""mapping_file"": ""data/mappings/curated/cve_2026_23479_redis_uaf.json"", ""retrieved_at"": ""2026-06-07T01:06:38Z"", ""source_feed"": ""curated"", ""source_kind"": ""curated"", ""source_ref"": ""curated:cve-2026-23479"", ""source_type"": ""capec"", ""target_type"": ""attack"", ""transform_version"": ""mapping_backbone:0.2.1""}"
CAPEC-129,T1210,attack_pattern_maps_to_technique,ATTACK_PATTERN_MAPS_TO_TECHNIQUE,high,curated:cve-2026-23479,curated,curated,True,False,2026-06-07T01:06:38Z,mapping_backbone:0.2.1,"{""confidence"": ""high"", ""curation_status"": ""curated"", ""deterministic"": true, ""inferred"": false, ""license"": ""attack2defend-curated-baseline"", ""mapping_file"": ""data/mappings/curated/cve_2026_23479_redis_uaf.json"", ""retrieved_at"": ""2026-06-07T01:06:38Z"", ""source_feed"": ""curated"", ""source_kind"": ""curated"", ""source_ref"": ""curated:cve-2026-23479"", ""source_type"": ""capec"", ""target_type"": ""attack"", ""transform_version"": ""mapping_backbone:0.2.1""}"
CAPEC-136,CAPEC-248,child_of,CHILD_OF,medium,generated:knowledge_builder:sample_bundle,curated,curated,True,False,2026-06-07T01:06:38Z,knowledge_builder:0.3.0,"{""confidence"": ""medium"", ""curation_status"": ""curated"", ""deterministic"": true, ""inferred"": false, ""retrieved_at"": ""2026-06-07T01:06:38Z"", ""source_feed"": ""curated"", ""source_kind"": ""curated"", ""source_ref"": ""generated:knowledge_builder:sample_bundle"", ""source_type"": ""capec"", ""target_type"": ""capec"", ""transform_version"": ""knowledge_builder:0.3.0""}"
CAPEC-242,T1059,attack_pattern_maps_to_technique,ATTACK_PATTERN_MAPS_TO_TECHNIQUE,high,baseline:capec-attack,public-compatible,public-compatible,True,False,2026-06-07T01:06:38Z,mapping_backbone:0.2.1,"{""confidence"": ""high"", ""curation_status"": ""public-compatible"", ""deterministic"": true, ""inferred"": false, ""license"": ""attack2defend-curated-baseline"", ""mapping_file"": ""data/mappings/backbone_core.json"", ""retrieved_at"": ""2026-06-07T01:06:38Z"", ""source_feed"": ""public-compatible"", ""source_kind"": ""public-compatible"", ""source_ref"": ""baseline:capec-attack"", ""source_type"": ""capec"", ""target_type"": ""attack"", ""transform_version"": ""mapping_backbone:0.2.1""}"
CAPEC-248,T1190,attack_pattern_maps_to_technique,ATTACK_PATTERN_MAPS_TO_TECHNIQUE,medium,generated:knowledge_builder:sample_bundle,curated,curated,True,False,2026-06-07T01:06:38Z,knowledge_builder:0.3.0,"{""confidence"": ""medium"", ""curation_status"": ""curated"", ""deterministic"": true, ""inferred"": false, ""retrieved_at"": ""2026-06-07T01:06:38Z"", ""source_feed"": ""curated"", ""source_kind"": ""curated"", ""source_ref"": ""generated:knowledge_builder:sample_bundle"", ""source_type"": ""capec"", ""target_type"": ""attack"", ""transform_version"": ""knowledge_builder:0.3.0""}"
CAPEC-63,ART-WEB-SCRIPT,affects_or_requires_artifact,AFFECTS_OR_REQUIRES_ARTIFACT,curated,generated:knowledge_builder:sample_bundle,curated,curated,True,False,2026-06-07T01:06:38Z,knowledge_builder:0.3.0,"{""confidence"": ""curated"", ""curation_status"": ""curated"", ""deterministic"": true, ""inferred"": false, ""retrieved_at"": ""2026-06-07T01:06:38Z"", ""source_feed"": ""curated"", ""source_kind"": ""curated"", ""source_ref"": ""generated:knowledge_builder:sample_bundle"", ""source_type"": ""capec"", ""target_type"": ""artifact"", ""transform_version"": ""knowledge_builder:0.3.0""}"
CAPEC-63,T1059.007,attack_pattern_maps_to_technique,ATTACK_PATTERN_MAPS_TO_TECHNIQUE,curated,generated:knowledge_builder:sample_bundle,curated,curated,True,False,2026-06-07T01:06:38Z,knowledge_builder:0.3.0,"{""confidence"": ""curated"", ""curation_status"": ""curated"", ""deterministic"": true, ""inferred"": false, ""retrieved_at"": ""2026-06-07T01:06:38Z"", ""source_feed"": ""curated"", ""source_kind"": ""curated"", ""source_ref"": ""generated:knowledge_builder:sample_bundle"", ""source_type"": ""capec"", ""target_type"": ""attack"", ""transform_version"": ""knowledge_builder:0.3.0""}"
CAPEC-63,T1189,attack_pattern_maps_to_technique,ATTACK_PATTERN_MAPS_TO_TECHNIQUE,medium,baseline:capec-attack,public-compatible,public-compatible,True,False,2026-06-07T01:06:38Z,mapping_backbone:0.2.1,"{""confidence"": ""medium"", ""curation_status"": ""public-compatible"", ""deterministic"": true, ""inferred"": false, ""license"": ""attack2defend-curated-baseline"", ""mapping_file"": ""data/mappings/backbone_core.json"", ""retrieved_at"": ""2026-06-07T01:06:38Z"", ""source_feed"": ""public-compatible"", ""source_kind"": ""public-compatible"", ""source_ref"": ""baseline:capec-attack"", ""source_type"": ""capec"", ""target_type"": ""attack"", ""transform_version"": ""mapping_backbone:0.2.1""}"
CAPEC-66,T1190,attack_pattern_maps_to_technique,ATTACK_PATTERN_MAPS_TO_TECHNIQUE,high,baseline:capec-attack,public-compatible,public-compatible,True,False,2026-06-07T01:06:38Z,mapping_backbone:0.2.1,"{""confidence"": ""high"", ""curation_status"": ""public-compatible"", ""deterministic"": true, ""inferred"": false, ""license"": ""attack2defend-curated-baseline"", ""mapping_file"": ""data/mappings/backbone_core.json"", ""retrieved_at"": ""2026-06-07T01:06:38Z"", ""source_feed"": ""public-compatible"", ""source_kind"": ""public-compatible"", ""source_ref"": ""baseline:capec-attack"", ""source_type"": ""capec"", ""target_type"": ""attack"", ""transform_version"": ""mapping_backbone:0.2.1""}"
CAPEC-664,T1190,attack_pattern_maps_to_technique,ATTACK_PATTERN_MAPS_TO_TECHNIQUE,medium,baseline:capec-attack,public-compatible,public-compatible,True,False,2026-06-07T01:06:38Z,mapping_backbone:0.2.1,"{""confidence"": ""medium"", ""curation_status"": ""public-compatible"", ""deterministic"": true, ""inferred"": false, ""license"": ""attack2defend-curated-baseline"", ""mapping_file"": ""data/mappings/backbone_core.json"", ""retrieved_at"": ""2026-06-07T01:06:38Z"", ""source_feed"": ""public-compatible"", ""source_kind"": ""public-compatible"", ""source_ref"": ""baseline:capec-attack"", ""source_type"": ""capec"", ""target_type"": ""attack"", ""transform_version"": ""mapping_backbone:0.2.1""}"
CTRL-CONDITIONAL-ACCESS,DET-IMPOSSIBLE-TRAVEL,validated_by_detection,VALIDATED_BY_DETECTION,internal_detection_mapping,generated:knowledge_builder:sample_bundle,curated,curated,True,False,2026-06-07T01:06:38Z,knowledge_builder:0.3.0,"{""confidence"": ""internal_detection_mapping"", ""curation_status"": ""curated"", ""deterministic"": true, ""inferred"": false, ""retrieved_at"": ""2026-06-07T01:06:38Z"", ""source_feed"": ""curated"", ""source_kind"": ""curated"", ""source_ref"": ""generated:knowledge_builder:sample_bundle"", ""source_type"": ""control"", ""target_type"": ""detection"", ""transform_version"": ""knowledge_builder:0.3.0""}"
CTRL-EDR-PROCESS,DET-WEB-TO-SHELL-PROCESS,validated_by_detection,VALIDATED_BY_DETECTION,high,curated:detection,curated,curated,True,False,2026-06-07T01:06:38Z,mapping_backbone:0.2.1,"{""confidence"": ""high"", ""curation_status"": ""public-compatible"", ""deterministic"": true, ""inferred"": false, ""license"": ""attack2defend-curated-baseline"", ""mapping_file"": ""data/mappings/backbone_core.json"", ""owner"": ""SOC"", ""priority"": ""P0"", ""retrieved_at"": ""2026-06-07T01:06:38Z"", ""source_feed"": ""curated"", ""source_kind"": ""curated"", ""source_ref"": ""curated:detection"", ""source_type"": ""control"", ""target_type"": ""detection"", ""transform_version"": ""mapping_backbone:0.2.1""}"
CTRL-EGRESS-MONITORING,DET-UNUSUAL-WEB-UPLOAD,validated_by_detection,VALIDATED_BY_DETECTION,medium,curated:detection,curated,curated,True,False,2026-06-07T01:06:38Z,mapping_backbone:0.2.1,"{""confidence"": ""medium"", ""curation_status"": ""public-compatible"", ""deterministic"": true, ""inferred"": false, ""license"": ""attack2defend-curated-baseline"", ""mapping_file"": ""data/mappings/backbone_core.json"", ""owner"": ""SOC"", ""priority"": ""P1"", ""retrieved_at"": ""2026-06-07T01:06:38Z"", ""source_feed"": ""curated"", ""source_kind"": ""curated"", ""source_ref"": ""curated:detection"", ""source_type"": ""control"", ""target_type"": ""detection"", ""transform_version"": ""mapping_backbone:0.2.1""}"
CTRL-MFA-ENFORCEMENT,DET-MFA-BYPASS-SIGNAL,validated_by_detection,VALIDATED_BY_DETECTION,internal_detection_mapping,generated:knowledge_builder:sample_bundle,curated,curated,True,False,2026-06-07T01:06:38Z,knowledge_builder:0.3.0,"{""confidence"": ""internal_detection_mapping"", ""curation_status"": ""curated"", ""deterministic"": true, ""inferred"": false, ""retrieved_at"": ""2026-06-07T01:06:38Z"", ""source_feed"": ""curated"", ""source_kind"": ""curated"", ""source_ref"": ""generated:knowledge_builder:sample_bundle"", ""source_type"": ""control"", ""target_type"": ""detection"", ""transform_version"": ""knowledge_builder:0.3.0""}"
CTRL-SWG-PROXY,DET-CLOUD-UPLOAD-ANOMALY,validated_by_detection,VALIDATED_BY_DETECTION,internal_detection_mapping,generated:knowledge_builder:sample_bundle,curated,curated,True,False,2026-06-07T01:06:38Z,knowledge_builder:0.3.0,"{""confidence"": ""internal_detection_mapping"", ""curation_status"": ""curated"", ""deterministic"": true, ""inferred"": false, ""retrieved_at"": ""2026-06-07T01:06:38Z"", ""source_feed"": ""curated"", ""source_kind"": ""curated"", ""source_ref"": ""generated:knowledge_builder:sample_bundle"", ""source_type"": ""control"", ""target_type"": ""detection"", ""transform_version"": ""knowledge_builder:0.3.0""}"
CTRL-SWG-PROXY,DET-NON-BROWSER-UPLOAD,validated_by_detection,VALIDATED_BY_DETECTION,internal_detection_mapping,generated:knowledge_builder:sample_bundle,curated,curated,True,False,2026-06-07T01:06:38Z,knowledge_builder:0.3.0,"{""confidence"": ""internal_detection_mapping"", ""curation_status"": ""curated"", ""deterministic"": true, ""inferred"": false, ""retrieved_at"": ""2026-06-07T01:06:38Z"", ""source_feed"": ""curated"", ""source_kind"": ""curated"", ""source_ref"": ""generated:knowledge_builder:sample_bundle"", ""source_type"": ""control"", ""target_type"": ""detection"", ""transform_version"": ""knowledge_builder:0.3.0""}"
CTRL-VIRTUAL-PATCH,DET-RPC-EXPLOIT-ATTEMPT,validated_by_detection,VALIDATED_BY_DETECTION,internal_detection_mapping,generated:knowledge_builder:sample_bundle,curated,curated,True,False,2026-06-07T01:06:38Z,knowledge_builder:0.3.0,"{""confidence"": ""internal_detection_mapping"", ""curation_status"": ""curated"", ""deterministic"": true, ""inferred"": false, ""retrieved_at"": ""2026-06-07T01:06:38Z"", ""source_feed"": ""curated"", ""source_kind"": ""curated"", ""source_ref"": ""generated:knowledge_builder:sample_bundle"", ""source_type"": ""control"", ""target_type"": ""detection"", ""transform_version"": ""knowledge_builder:0.3.0""}"
CTRL-WAF-LOGGING,DET-WAF-SUSPICIOUS-PAYLOAD,validated_by_detection,VALIDATED_BY_DETECTION,high,curated:detection,curated,curated,True,False,2026-06-07T01:06:38Z,mapping_backbone:0.2.1,"{""confidence"": ""high"", ""curation_status"": ""public-compatible"", ""deterministic"": true, ""inferred"": false, ""license"": ""attack2defend-curated-baseline"", ""mapping_file"": ""data/mappings/backbone_core.json"", ""owner"": ""SOC"", ""priority"": ""P0"", ""retrieved_at"": ""2026-06-07T01:06:38Z"", ""source_feed"": ""curated"", ""source_kind"": ""curated"", ""source_ref"": ""curated:detection"", ""source_type"": ""control"", ""target_type"": ""detection"", ""transform_version"": ""mapping_backbone:0.2.1""}"
CTRL-WAF-VIRTUAL-PATCH,DET-PUBLIC-APP-EXPLOIT-ATTEMPT,validated_by_detection,VALIDATED_BY_DETECTION,high,curated:detection,curated,curated,True,False,2026-06-07T01:06:38Z,mapping_backbone:0.2.1,"{""confidence"": ""high"", ""curation_status"": ""public-compatible"", ""deterministic"": true, ""inferred"": false, ""license"": ""attack2defend-curated-baseline"", ""mapping_file"": ""data/mappings/backbone_core.json"", ""owner"": ""SOC"", ""priority"": ""P0"", ""retrieved_at"": ""2026-06-07T01:06:38Z"", ""source_feed"": ""curated"", ""source_kind"": ""curated"", ""source_ref"": ""curated:detection"", ""source_type"": ""control"", ""target_type"": ""detection"", ""transform_version"": ""mapping_backbone:0.2.1""}"
CVE-2021-26855,CWE-918,vulnerability_has_weakness,VULNERABILITY_HAS_WEAKNESS,high,baseline:exchange-ssrf,public-compatible,public-compatible,True,False,2026-06-07T01:06:38Z,mapping_backbone:0.2.1,"{""confidence"": ""high"", ""curation_status"": ""public-compatible"", ""deterministic"": true, ""inferred"": false, ""license"": ""attack2defend-curated-baseline"", ""mapping_file"": ""data/mappings/backbone_core.json"", ""retrieved_at"": ""2026-06-07T01:06:38Z"", ""source_feed"": ""public-compatible"", ""source_kind"": ""public-compatible"", ""source_ref"": ""baseline:exchange-ssrf"", ""source_type"": ""cve"", ""target_type"": ""cwe"", ""transform_version"": ""mapping_backbone:0.2.1""}"
CVE-2021-44228,ART-LOG4J-JAVA-APP,affects_product_or_platform,AFFECTS_PRODUCT_OR_PLATFORM,high,baseline:cpe,public-compatible,public-compatible,True,False,2026-06-07T01:06:38Z,mapping_backbone:0.2.1,"{""confidence"": ""high"", ""curation_status"": ""public-compatible"", ""deterministic"": true, ""inferred"": false, ""license"": ""attack2defend-curated-baseline"", ""mapping_file"": ""data/mappings/backbone_core.json"", ""retrieved_at"": ""2026-06-07T01:06:38Z"", ""source_feed"": ""public-compatible"", ""source_kind"": ""public-compatible"", ""source_ref"": ""baseline:cpe"", ""source_type"": ""cve"", ""target_type"": ""artifact"", ""transform_version"": ""mapping_backbone:0.2.1""}"
CVE-2021-44228,CPE:2.3:A:APACHE:LOG4J:*:*:*:*:*:*:*:*,affects_product_or_platform,AFFECTS_PRODUCT_OR_PLATFORM,high,nvd_cpe:cve-2021-44228,public-compatible,public-compatible,True,False,2026-06-07T01:06:38Z,mapping_backbone:0.2.1,"{""confidence"": ""high"", ""curation_status"": ""curated"", ""deterministic"": true, ""inferred"": false, ""license"": ""attack2defend-curated-public-compatible-baseline"", ""mapping_file"": ""data/mappings/curated/cpe_kev_core.json"", ""retrieved_at"": ""2026-06-07T01:06:38Z"", ""source_feed"": ""public-compatible"", ""source_kind"": ""public-compatible"", ""source_ref"": ""nvd_cpe:cve-2021-44228"", ""source_type"": ""cve"", ""target_type"": ""artifact"", ""transform_version"": ""mapping_backbone:0.2.1""}"
CVE-2021-44228,CWE-20,vulnerability_has_weakness,VULNERABILITY_HAS_WEAKNESS,high,baseline:log4shell,public-compatible,public-compatible,True,False,2026-06-07T01:06:38Z,mapping_backbone:0.2.1,"{""confidence"": ""high"", ""curation_status"": ""public-compatible"", ""deterministic"": true, ""inferred"": false, ""license"": ""attack2defend-curated-baseline"", ""mapping_file"": ""data/mappings/backbone_core.json"", ""retrieved_at"": ""2026-06-07T01:06:38Z"", ""source_feed"": ""public-compatible"", ""source_kind"": ""public-compatible"", ""source_ref"": ""baseline:log4shell"", ""source_type"": ""cve"", ""target_type"": ""cwe"", ""transform_version"": ""mapping_backbone:0.2.1""}"
CVE-2021-44228,CWE-502,vulnerability_has_weakness,VULNERABILITY_HAS_WEAKNESS,medium,generated:knowledge_builder:sample_bundle,curated,curated,True,False,2026-06-07T01:06:38Z,knowledge_builder:0.3.0,"{""confidence"": ""medium"", ""curation_status"": ""curated"", ""deterministic"": true, ""inferred"": false, ""retrieved_at"": ""2026-06-07T01:06:38Z"", ""source_feed"": ""curated"", ""source_kind"": ""curated"", ""source_ref"": ""generated:knowledge_builder:sample_bundle"", ""source_type"": ""cve"", ""target_type"": ""cwe"", ""transform_version"": ""knowledge_builder:0.3.0""}"
CVE-2021-44228,CWE-917,vulnerability_has_weakness,VULNERABILITY_HAS_WEAKNESS,medium,generated:knowledge_builder:sample_bundle,curated,curated,True,False,2026-06-07T01:06:38Z,knowledge_builder:0.3.0,"{""confidence"": ""medium"", ""curation_status"": ""curated"", ""deterministic"": true, ""inferred"": false, ""retrieved_at"": ""2026-06-07T01:06:38Z"", ""source_feed"": ""curated"", ""source_kind"": ""curated"", ""source_ref"": ""generated:knowledge_builder:sample_bundle"", ""source_type"": ""cve"", ""target_type"": ""cwe"", ""transform_version"": ""knowledge_builder:0.3.0""}"
CVE-2022-22965,CWE-94,vulnerability_has_weakness,VULNERABILITY_HAS_WEAKNESS,medium,baseline:spring4shell,public-compatible,public-compatible,True,False,2026-06-07T01:06:38Z,mapping_backbone:0.2.1,"{""confidence"": ""medium"", ""curation_status"": ""public-compatible"", ""deterministic"": true, ""inferred"": false, ""license"": ""attack2defend-curated-baseline"", ""mapping_file"": ""data/mappings/backbone_core.json"", ""retrieved_at"": ""2026-06-07T01:06:38Z"", ""source_feed"": ""public-compatible"", ""source_kind"": ""public-compatible"", ""source_ref"": ""baseline:spring4shell"", ""source_type"": ""cve"", ""target_type"": ""cwe"", ""transform_version"": ""mapping_backbone:0.2.1""}"
CVE-2023-27997,CWE-122,vulnerability_has_weakness,VULNERABILITY_HAS_WEAKNESS,high,baseline:fortinet,public-compatible,public-compatible,True,False,2026-06-07T01:06:38Z,mapping_backbone:0.2.1,"{""confidence"": ""high"", ""curation_status"": ""public-compatible"", ""deterministic"": true, ""inferred"": false, ""license"": ""attack2defend-curated-baseline"", ""mapping_file"": ""data/mappings/backbone_core.json"", ""retrieved_at"": ""2026-06-07T01:06:38Z"", ""source_feed"": ""public-compatible"", ""source_kind"": ""public-compatible"", ""source_ref"": ""baseline:fortinet"", ""source_type"": ""cve"", ""target_type"": ""cwe"", ""transform_version"": ""mapping_backbone:0.2.1""}"
CVE-2023-34362,ART-MOVEIT-TRANSFER,affects_product_or_platform,AFFECTS_PRODUCT_OR_PLATFORM,high,baseline:cpe,public-compatible,public-compatible,True,False,2026-06-07T01:06:38Z,mapping_backbone:0.2.1,"{""confidence"": ""high"", ""curation_status"": ""public-compatible"", ""deterministic"": true, ""inferred"": false, ""license"": ""attack2defend-curated-baseline"", ""mapping_file"": ""data/mappings/backbone_core.json"", ""retrieved_at"": ""2026-06-07T01:06:38Z"", ""source_feed"": ""public-compatible"", ""source_kind"": ""public-compatible"", ""source_ref"": ""baseline:cpe"", ""source_type"": ""cve"", ""target_type"": ""artifact"", ""transform_version"": ""mapping_backbone:0.2.1""}"
CVE-2023-34362,CPE:2.3:A:PROGRESS:MOVEIT_TRANSFER:*:*:*:*:*:*:*:*,affects_product_or_platform,AFFECTS_PRODUCT_OR_PLATFORM,high,nvd_cpe:cve-2023-34362,public-compatible,public-compatible,True,False,2026-06-07T01:06:38Z,mapping_backbone:0.2.1,"{""confidence"": ""high"", ""curation_status"": ""curated"", ""deterministic"": true, ""inferred"": false, ""license"": ""attack2defend-curated-public-compatible-baseline"", ""mapping_file"": ""data/mappings/curated/cpe_kev_core.json"", ""retrieved_at"": ""2026-06-07T01:06:38Z"", ""source_feed"": ""public-compatible"", ""source_kind"": ""public-compatible"", ""source_ref"": ""nvd_cpe:cve-2023-34362"", ""source_type"": ""cve"", ""target_type"": ""artifact"", ""transform_version"": ""mapping_backbone:0.2.1""}"
CVE-2023-34362,CWE-89,vulnerability_has_weakness,VULNERABILITY_HAS_WEAKNESS,high,baseline:moveit,public-compatible,public-compatible,True,False,2026-06-07T01:06:38Z,mapping_backbone:0.2.1,"{""confidence"": ""high"", ""curation_status"": ""public-compatible"", ""deterministic"": true, ""inferred"": false, ""license"": ""attack2defend-curated-baseline"", ""mapping_file"": ""data/mappings/backbone_core.json"", ""retrieved_at"": ""2026-06-07T01:06:38Z"", ""source_feed"": ""public-compatible"", ""source_kind"": ""public-compatible"", ""source_ref"": ""baseline:moveit"", ""source_type"": ""cve"", ""target_type"": ""cwe"", ""transform_version"": ""mapping_backbone:0.2.1""}"
CVE-2024-37079,CWE-22,vulnerability_has_weakness,VULNERABILITY_HAS_WEAKNESS,medium,baseline:cve-2024-37079,public-compatible,public-compatible,True,False,2026-06-07T01:06:38Z,mapping_backbone:0.2.1,"{""confidence"": ""medium"", ""curation_status"": ""public-compatible"", ""deterministic"": true, ""inferred"": false, ""license"": ""attack2defend-curated-baseline"", ""mapping_file"": ""data/mappings/backbone_core.json"", ""retrieved_at"": ""2026-06-07T01:06:38Z"", ""source_feed"": ""public-compatible"", ""source_kind"": ""public-compatible"", ""source_ref"": ""baseline:cve-2024-37079"", ""source_type"": ""cve"", ""target_type"": ""cwe"", ""transform_version"": ""mapping_backbone:0.2.1""}"
CVE-2024-37079,CWE-787,vulnerability_has_weakness,VULNERABILITY_HAS_WEAKNESS,curated,generated:knowledge_builder:sample_bundle,curated,curated,True,False,2026-06-07T01:06:38Z,knowledge_builder:0.3.0,"{""confidence"": ""curated"", ""curation_status"": ""curated"", ""deterministic"": true, ""inferred"": false, ""retrieved_at"": ""2026-06-07T01:06:38Z"", ""source_feed"": ""curated"", ""source_kind"": ""curated"", ""source_ref"": ""generated:knowledge_builder:sample_bundle"", ""source_type"": ""cve"", ""target_type"": ""cwe"", ""transform_version"": ""knowledge_builder:0.3.0""}"
CVE-2026-23479,CWE-416,vulnerability_has_weakness,VULNERABILITY_HAS_WEAKNESS,high,curated:cve-2026-23479,curated,curated,True,False,2026-06-07T01:06:38Z,mapping_backbone:0.2.1,"{""confidence"": ""high"", ""curation_status"": ""curated"", ""deterministic"": true, ""inferred"": false, ""license"": ""attack2defend-curated-baseline"", ""mapping_file"": ""data/mappings/curated/cve_2026_23479_redis_uaf.json"", ""retrieved_at"": ""2026-06-07T01:06:38Z"", ""source_feed"": ""curated"", ""source_kind"": ""curated"", ""source_ref"": ""curated:cve-2026-23479"", ""source_type"": ""cve"", ""target_type"": ""cwe"", ""transform_version"": ""mapping_backbone:0.2.1""}"
CWE-122,CAPEC-100,weakness_enables_attack_pattern,WEAKNESS_ENABLES_ATTACK_PATTERN,high,baseline:cwe-capec,public-compatible,public-compatible,True,False,2026-06-07T01:06:38Z,mapping_backbone:0.2.1,"{""confidence"": ""high"", ""curation_status"": ""public-compatible"", ""deterministic"": true, ""inferred"": false, ""license"": ""attack2defend-curated-baseline"", ""mapping_file"": ""data/mappings/backbone_core.json"", ""retrieved_at"": ""2026-06-07T01:06:38Z"", ""source_feed"": ""public-compatible"", ""source_kind"": ""public-compatible"", ""source_ref"": ""baseline:cwe-capec"", ""source_type"": ""cwe"", ""target_type"": ""capec"", ""transform_version"": ""mapping_backbone:0.2.1""}"
CWE-20,CAPEC-100,weakness_enables_attack_pattern,WEAKNESS_ENABLES_ATTACK_PATTERN,medium,baseline:cwe-capec,public-compatible,public-compatible,True,False,2026-06-07T01:06:38Z,mapping_backbone:0.2.1,"{""confidence"": ""medium"", ""curation_status"": ""public-compatible"", ""deterministic"": true, ""inferred"": false, ""license"": ""attack2defend-curated-baseline"", ""mapping_file"": ""data/mappings/backbone_core.json"", ""retrieved_at"": ""2026-06-07T01:06:38Z"", ""source_feed"": ""public-compatible"", ""source_kind"": ""public-compatible"", ""source_ref"": ""baseline:cwe-capec"", ""source_type"": ""cwe"", ""target_type"": ""capec"", ""transform_version"": ""mapping_backbone:0.2.1""}"
CWE-22,CAPEC-126,weakness_enables_attack_pattern,WEAKNESS_ENABLES_ATTACK_PATTERN,high,baseline:cwe-capec,public-compatible,public-compatible,True,False,2026-06-07T01:06:38Z,mapping_backbone:0.2.1,"{""confidence"": ""high"", ""curation_status"": ""public-compatible"", ""deterministic"": true, ""inferred"": false, ""license"": ""attack2defend-curated-baseline"", ""mapping_file"": ""data/mappings/backbone_core.json"", ""retrieved_at"": ""2026-06-07T01:06:38Z"", ""source_feed"": ""public-compatible"", ""source_kind"": ""public-compatible"", ""source_ref"": ""baseline:cwe-capec"", ""source_type"": ""cwe"", ""target_type"": ""capec"", ""transform_version"": ""mapping_backbone:0.2.1""}"
CWE-416,CAPEC-124,weakness_enables_attack_pattern,WEAKNESS_ENABLES_ATTACK_PATTERN,medium,curated:cve-2026-23479,curated,curated,True,False,2026-06-07T01:06:38Z,mapping_backbone:0.2.1,"{""confidence"": ""medium"", ""curation_status"": ""curated"", ""deterministic"": true, ""inferred"": false, ""license"": ""attack2defend-curated-baseline"", ""mapping_file"": ""data/mappings/curated/cve_2026_23479_redis_uaf.json"", ""retrieved_at"": ""2026-06-07T01:06:38Z"", ""source_feed"": ""curated"", ""source_kind"": ""curated"", ""source_ref"": ""curated:cve-2026-23479"", ""source_type"": ""cwe"", ""target_type"": ""capec"", ""transform_version"": ""mapping_backbone:0.2.1""}"
CWE-416,CAPEC-129,weakness_enables_attack_pattern,WEAKNESS_ENABLES_ATTACK_PATTERN,high,curated:cve-2026-23479,curated,curated,True,False,2026-06-07T01:06:38Z,mapping_backbone:0.2.1,"{""confidence"": ""high"", ""curation_status"": ""curated"", ""deterministic"": true, ""inferred"": false, ""license"": ""attack2defend-curated-baseline"", ""mapping_file"": ""data/mappings/curated/cve_2026_23479_redis_uaf.json"", ""retrieved_at"": ""2026-06-07T01:06:38Z"", ""source_feed"": ""curated"", ""source_kind"": ""curated"", ""source_ref"": ""curated:cve-2026-23479"", ""source_type"": ""cwe"", ""target_type"": ""capec"", ""transform_version"": ""mapping_backbone:0.2.1""}"
CWE-416,CAPEC-26,weakness_may_enable_attack_pattern,WEAKNESS_MAY_ENABLE_ATTACK_PATTERN,low,curated:cve-2026-23479,curated,curated,True,False,2026-06-07T01:06:38Z,mapping_backbone:0.2.1,"{""confidence"": ""low"", ""curation_status"": ""curated"", ""deterministic"": true, ""inferred"": false, ""license"": ""attack2defend-curated-baseline"", ""mapping_file"": ""data/mappings/curated/cve_2026_23479_redis_uaf.json"", ""retrieved_at"": ""2026-06-07T01:06:38Z"", ""source_feed"": ""curated"", ""source_kind"": ""curated"", ""source_ref"": ""curated:cve-2026-23479"", ""source_type"": ""cwe"", ""target_type"": ""capec"", ""transform_version"": ""mapping_backbone:0.2.1""}"
CWE-787,CAPEC-100,weakness_enables_attack_pattern,WEAKNESS_ENABLES_ATTACK_PATTERN,curated,generated:knowledge_builder:sample_bundle,curated,curated,True,False,2026-06-07T01:06:38Z,knowledge_builder:0.3.0,"{""confidence"": ""curated"", ""curation_status"": ""curated"", ""deterministic"": true, ""inferred"": false, ""retrieved_at"": ""2026-06-07T01:06:38Z"", ""source_feed"": ""curated"", ""source_kind"": ""curated"", ""source_ref"": ""generated:knowledge_builder:sample_bundle"", ""source_type"": ""cwe"", ""target_type"": ""capec"", ""transform_version"": ""knowledge_builder:0.3.0""}"
CWE-79,ART-WEB-INPUT,affects_or_requires_artifact,AFFECTS_OR_REQUIRES_ARTIFACT,curated,generated:knowledge_builder:sample_bundle,curated,curated,True,False,2026-06-07T01:06:38Z,knowledge_builder:0.3.0,"{""confidence"": ""curated"", ""curation_status"": ""curated"", ""deterministic"": true, ""inferred"": false, ""retrieved_at"": ""2026-06-07T01:06:38Z"", ""source_feed"": ""curated"", ""source_kind"": ""curated"", ""source_ref"": ""generated:knowledge_builder:sample_bundle"", ""source_type"": ""cwe"", ""target_type"": ""artifact"", ""transform_version"": ""knowledge_builder:0.3.0""}"
CWE-79,CAPEC-63,weakness_enables_attack_pattern,WEAKNESS_ENABLES_ATTACK_PATTERN,high,baseline:cwe-capec,public-compatible,public-compatible,True,False,2026-06-07T01:06:38Z,mapping_backbone:0.2.1,"{""confidence"": ""high"", ""curation_status"": ""public-compatible"", ""deterministic"": true, ""inferred"": false, ""license"": ""attack2defend-curated-baseline"", ""mapping_file"": ""data/mappings/backbone_core.json"", ""retrieved_at"": ""2026-06-07T01:06:38Z"", ""source_feed"": ""public-compatible"", ""source_kind"": ""public-compatible"", ""source_ref"": ""baseline:cwe-capec"", ""source_type"": ""cwe"", ""target_type"": ""capec"", ""transform_version"": ""mapping_backbone:0.2.1""}"
CWE-89,CAPEC-66,weakness_enables_attack_pattern,WEAKNESS_ENABLES_ATTACK_PATTERN,high,baseline:cwe-capec,public-compatible,public-compatible,True,False,2026-06-07T01:06:38Z,mapping_backbone:0.2.1,"{""confidence"": ""high"", ""curation_status"": ""public-compatible"", ""deterministic"": true, ""inferred"": false, ""license"": ""attack2defend-curated-baseline"", ""mapping_file"": ""data/mappings/backbone_core.json"", ""retrieved_at"": ""2026-06-07T01:06:38Z"", ""source_feed"": ""public-compatible"", ""source_kind"": ""public-compatible"", ""source_ref"": ""baseline:cwe-capec"", ""source_type"": ""cwe"", ""target_type"": ""capec"", ""transform_version"": ""mapping_backbone:0.2.1""}"
CWE-917,CAPEC-136,weakness_enables_attack_pattern,WEAKNESS_ENABLES_ATTACK_PATTERN,medium,generated:knowledge_builder:sample_bundle,curated,curated,True,False,2026-06-07T01:06:38Z,knowledge_builder:0.3.0,"{""confidence"": ""medium"", ""curation_status"": ""curated"", ""deterministic"": true, ""inferred"": false, ""retrieved_at"": ""2026-06-07T01:06:38Z"", ""source_feed"": ""curated"", ""source_kind"": ""curated"", ""source_ref"": ""generated:knowledge_builder:sample_bundle"", ""source_type"": ""cwe"", ""target_type"": ""capec"", ""transform_version"": ""knowledge_builder:0.3.0""}"
CWE-918,CAPEC-664,weakness_enables_attack_pattern,WEAKNESS_ENABLES_ATTACK_PATTERN,medium,baseline:cwe-capec,public-compatible,public-compatible,True,False,2026-06-07T01:06:38Z,mapping_backbone:0.2.1,"{""confidence"": ""medium"", ""curation_status"": ""public-compatible"", ""deterministic"": true, ""inferred"": false, ""license"": ""attack2defend-curated-baseline"", ""mapping_file"": ""data/mappings/backbone_core.json"", ""retrieved_at"": ""2026-06-07T01:06:38Z"", ""source_feed"": ""public-compatible"", ""source_kind"": ""public-compatible"", ""source_ref"": ""baseline:cwe-capec"", ""source_type"": ""cwe"", ""target_type"": ""capec"", ""transform_version"": ""mapping_backbone:0.2.1""}"
CWE-94,CAPEC-242,weakness_enables_attack_pattern,WEAKNESS_ENABLES_ATTACK_PATTERN,high,baseline:cwe-capec,public-compatible,public-compatible,True,False,2026-06-07T01:06:38Z,mapping_backbone:0.2.1,"{""confidence"": ""high"", ""curation_status"": ""public-compatible"", ""deterministic"": true, ""inferred"": false, ""license"": ""attack2defend-curated-baseline"", ""mapping_file"": ""data/mappings/backbone_core.json"", ""retrieved_at"": ""2026-06-07T01:06:38Z"", ""source_feed"": ""public-compatible"", ""source_kind"": ""public-compatible"", ""source_ref"": ""baseline:cwe-capec"", ""source_type"": ""cwe"", ""target_type"": ""capec"", ""transform_version"": ""mapping_backbone:0.2.1""}"
D3-ACH,CTRL-CSP,protected_by_control,PROTECTED_BY_CONTROL,internal_control_mapping,generated:knowledge_builder:sample_bundle,curated,curated,True,False,2026-06-07T01:06:38Z,knowledge_builder:0.3.0,"{""confidence"": ""internal_control_mapping"", ""curation_status"": ""curated"", ""deterministic"": true, ""inferred"": false, ""retrieved_at"": ""2026-06-07T01:06:38Z"", ""source_feed"": ""curated"", ""source_kind"": ""curated"", ""source_ref"": ""generated:knowledge_builder:sample_bundle"", ""source_type"": ""d3fend"", ""target_type"": ""control"", ""transform_version"": ""knowledge_builder:0.3.0""}"
D3-ACH,CTRL-INPUT-OUTPUT-ENCODING,protected_by_control,PROTECTED_BY_CONTROL,internal_control_mapping,generated:knowledge_builder:sample_bundle,curated,curated,True,False,2026-06-07T01:06:38Z,knowledge_builder:0.3.0,"{""confidence"": ""internal_control_mapping"", ""curation_status"": ""curated"", ""deterministic"": true, ""inferred"": false, ""retrieved_at"": ""2026-06-07T01:06:38Z"", ""source_feed"": ""curated"", ""source_kind"": ""curated"", ""source_ref"": ""generated:knowledge_builder:sample_bundle"", ""source_type"": ""d3fend"", ""target_type"": ""control"", ""transform_version"": ""knowledge_builder:0.3.0""}"
D3-DNSAL,CTRL-DNS-FILTERING,protected_by_control,PROTECTED_BY_CONTROL,internal_control_mapping,generated:knowledge_builder:sample_bundle,curated,curated,True,False,2026-06-07T01:06:38Z,knowledge_builder:0.3.0,"{""confidence"": ""internal_control_mapping"", ""curation_status"": ""curated"", ""deterministic"": true, ""inferred"": false, ""retrieved_at"": ""2026-06-07T01:06:38Z"", ""source_feed"": ""curated"", ""source_kind"": ""curated"", ""source_ref"": ""generated:knowledge_builder:sample_bundle"", ""source_type"": ""d3fend"", ""target_type"": ""control"", ""transform_version"": ""knowledge_builder:0.3.0""}"
D3-DNSDL,CTRL-DNS-FILTERING,protected_by_control,PROTECTED_BY_CONTROL,internal_control_mapping,generated:knowledge_builder:sample_bundle,curated,curated,True,False,2026-06-07T01:06:38Z,knowledge_builder:0.3.0,"{""confidence"": ""internal_control_mapping"", ""curation_status"": ""curated"", ""deterministic"": true, ""inferred"": false, ""retrieved_at"": ""2026-06-07T01:06:38Z"", ""source_feed"": ""curated"", ""source_kind"": ""curated"", ""source_ref"": ""generated:knowledge_builder:sample_bundle"", ""source_type"": ""d3fend"", ""target_type"": ""control"", ""transform_version"": ""knowledge_builder:0.3.0""}"
D3-FA,CTRL-DLP-CASB,protected_by_control,PROTECTED_BY_CONTROL,internal_control_mapping,generated:knowledge_builder:sample_bundle,curated,curated,True,False,2026-06-07T01:06:38Z,knowledge_builder:0.3.0,"{""confidence"": ""internal_control_mapping"", ""curation_status"": ""curated"", ""deterministic"": true, ""inferred"": false, ""retrieved_at"": ""2026-06-07T01:06:38Z"", ""source_feed"": ""curated"", ""source_kind"": ""curated"", ""source_ref"": ""generated:knowledge_builder:sample_bundle"", ""source_type"": ""d3fend"", ""target_type"": ""control"", ""transform_version"": ""knowledge_builder:0.3.0""}"
D3-MFA,ART-CREDENTIAL,protected_by_control,PROTECTED_BY_CONTROL,curated,generated:knowledge_builder:sample_bundle,curated,curated,True,False,2026-06-07T01:06:38Z,knowledge_builder:0.3.0,"{""confidence"": ""curated"", ""curation_status"": ""curated"", ""deterministic"": true, ""inferred"": false, ""retrieved_at"": ""2026-06-07T01:06:38Z"", ""source_feed"": ""curated"", ""source_kind"": ""curated"", ""source_ref"": ""generated:knowledge_builder:sample_bundle"", ""source_type"": ""d3fend"", ""target_type"": ""artifact"", ""transform_version"": ""knowledge_builder:0.3.0""}"
D3-MFA,ART-USER-ACCOUNT,protected_by_control,PROTECTED_BY_CONTROL,curated,generated:knowledge_builder:sample_bundle,curated,curated,True,False,2026-06-07T01:06:38Z,knowledge_builder:0.3.0,"{""confidence"": ""curated"", ""curation_status"": ""curated"", ""deterministic"": true, ""inferred"": false, ""retrieved_at"": ""2026-06-07T01:06:38Z"", ""source_feed"": ""curated"", ""source_kind"": ""curated"", ""source_ref"": ""generated:knowledge_builder:sample_bundle"", ""source_type"": ""d3fend"", ""target_type"": ""artifact"", ""transform_version"": ""knowledge_builder:0.3.0""}"
D3-MFA,CTRL-CONDITIONAL-ACCESS,protected_by_control,PROTECTED_BY_CONTROL,internal_control_mapping,generated:knowledge_builder:sample_bundle,curated,curated,True,False,2026-06-07T01:06:38Z,knowledge_builder:0.3.0,"{""confidence"": ""internal_control_mapping"", ""curation_status"": ""curated"", ""deterministic"": true, ""inferred"": false, ""retrieved_at"": ""2026-06-07T01:06:38Z"", ""source_feed"": ""curated"", ""source_kind"": ""curated"", ""source_ref"": ""generated:knowledge_builder:sample_bundle"", ""source_type"": ""d3fend"", ""target_type"": ""control"", ""transform_version"": ""knowledge_builder:0.3.0""}"
D3-MFA,CTRL-MFA-ENFORCEMENT,protected_by_control,PROTECTED_BY_CONTROL,internal_control_mapping,generated:knowledge_builder:sample_bundle,curated,curated,True,False,2026-06-07T01:06:38Z,knowledge_builder:0.3.0,"{""confidence"": ""internal_control_mapping"", ""curation_status"": ""curated"", ""deterministic"": true, ""inferred"": false, ""retrieved_at"": ""2026-06-07T01:06:38Z"", ""source_feed"": ""curated"", ""source_kind"": ""curated"", ""source_ref"": ""generated:knowledge_builder:sample_bundle"", ""source_type"": ""d3fend"", ""target_type"": ""control"", ""transform_version"": ""knowledge_builder:0.3.0""}"
D3-NTA,CTRL-SWG-PROXY,protected_by_control,PROTECTED_BY_CONTROL,internal_control_mapping,generated:knowledge_builder:sample_bundle,curated,curated,True,False,2026-06-07T01:06:38Z,knowledge_builder:0.3.0,"{""confidence"": ""internal_control_mapping"", ""curation_status"": ""curated"", ""deterministic"": true, ""inferred"": false, ""retrieved_at"": ""2026-06-07T01:06:38Z"", ""source_feed"": ""curated"", ""source_kind"": ""curated"", ""source_ref"": ""generated:knowledge_builder:sample_bundle"", ""source_type"": ""d3fend"", ""target_type"": ""control"", ""transform_version"": ""knowledge_builder:0.3.0""}"
D3-NTA,CTRL-VIRTUAL-PATCH,protected_by_control,PROTECTED_BY_CONTROL,internal_control_mapping,generated:knowledge_builder:sample_bundle,curated,curated,True,False,2026-06-07T01:06:38Z,knowledge_builder:0.3.0,"{""confidence"": ""internal_control_mapping"", ""curation_status"": ""curated"", ""deterministic"": true, ""inferred"": false, ""retrieved_at"": ""2026-06-07T01:06:38Z"", ""source_feed"": ""curated"", ""source_kind"": ""curated"", ""source_ref"": ""generated:knowledge_builder:sample_bundle"", ""source_type"": ""d3fend"", ""target_type"": ""control"", ""transform_version"": ""knowledge_builder:0.3.0""}"
D3-OTF,CTRL-EGRESS-FIREWALL,protected_by_control,PROTECTED_BY_CONTROL,internal_control_mapping,generated:knowledge_builder:sample_bundle,curated,curated,True,False,2026-06-07T01:06:38Z,knowledge_builder:0.3.0,"{""confidence"": ""internal_control_mapping"", ""curation_status"": ""curated"", ""deterministic"": true, ""inferred"": false, ""retrieved_at"": ""2026-06-07T01:06:38Z"", ""source_feed"": ""curated"", ""source_kind"": ""curated"", ""source_ref"": ""generated:knowledge_builder:sample_bundle"", ""source_type"": ""d3fend"", ""target_type"": ""control"", ""transform_version"": ""knowledge_builder:0.3.0""}"
D3-SU,CTRL-PATCH-MANAGEMENT,protected_by_control,PROTECTED_BY_CONTROL,internal_control_mapping,generated:knowledge_builder:sample_bundle,curated,curated,True,False,2026-06-07T01:06:38Z,knowledge_builder:0.3.0,"{""confidence"": ""internal_control_mapping"", ""curation_status"": ""curated"", ""deterministic"": true, ""inferred"": false, ""retrieved_at"": ""2026-06-07T01:06:38Z"", ""source_feed"": ""curated"", ""source_kind"": ""curated"", ""source_ref"": ""generated:knowledge_builder:sample_bundle"", ""source_type"": ""d3fend"", ""target_type"": ""control"", ""transform_version"": ""knowledge_builder:0.3.0""}"
D3-UA,DET-XSS-PAYLOAD,validated_by_detection,VALIDATED_BY_DETECTION,internal_detection_mapping,generated:knowledge_builder:sample_bundle,curated,curated,True,False,2026-06-07T01:06:38Z,knowledge_builder:0.3.0,"{""confidence"": ""internal_detection_mapping"", ""curation_status"": ""curated"", ""deterministic"": true, ""inferred"": false, ""retrieved_at"": ""2026-06-07T01:06:38Z"", ""source_feed"": ""curated"", ""source_kind"": ""curated"", ""source_ref"": ""generated:knowledge_builder:sample_bundle"", ""source_type"": ""d3fend"", ""target_type"": ""detection"", ""transform_version"": ""knowledge_builder:0.3.0""}"
DET-CLOUD-UPLOAD-ANOMALY,EV-DNS-LOGS,requires_evidence,REQUIRES_EVIDENCE,internal_evidence_mapping,generated:knowledge_builder:sample_bundle,curated,curated,True,False,2026-06-07T01:06:38Z,knowledge_builder:0.3.0,"{""confidence"": ""internal_evidence_mapping"", ""curation_status"": ""curated"", ""deterministic"": true, ""inferred"": false, ""retrieved_at"": ""2026-06-07T01:06:38Z"", ""source_feed"": ""curated"", ""source_kind"": ""curated"", ""source_ref"": ""generated:knowledge_builder:sample_bundle"", ""source_type"": ""detection"", ""target_type"": ""evidence"", ""transform_version"": ""knowledge_builder:0.3.0""}"
DET-CLOUD-UPLOAD-ANOMALY,EV-PROXY-LOGS,requires_evidence,REQUIRES_EVIDENCE,internal_evidence_mapping,generated:knowledge_builder:sample_bundle,curated,curated,True,False,2026-06-07T01:06:38Z,knowledge_builder:0.3.0,"{""confidence"": ""internal_evidence_mapping"", ""curation_status"": ""curated"", ""deterministic"": true, ""inferred"": false, ""retrieved_at"": ""2026-06-07T01:06:38Z"", ""source_feed"": ""curated"", ""source_kind"": ""curated"", ""source_ref"": ""generated:knowledge_builder:sample_bundle"", ""source_type"": ""detection"", ""target_type"": ""evidence"", ""transform_version"": ""knowledge_builder:0.3.0""}"
DET-IMPOSSIBLE-TRAVEL,EV-IAM-LOGS,requires_evidence,REQUIRES_EVIDENCE,internal_evidence_mapping,generated:knowledge_builder:sample_bundle,curated,curated,True,False,2026-06-07T01:06:38Z,knowledge_builder:0.3.0,"{""confidence"": ""internal_evidence_mapping"", ""curation_status"": ""curated"", ""deterministic"": true, ""inferred"": false, ""retrieved_at"": ""2026-06-07T01:06:38Z"", ""source_feed"": ""curated"", ""source_kind"": ""curated"", ""source_ref"": ""generated:knowledge_builder:sample_bundle"", ""source_type"": ""detection"", ""target_type"": ""evidence"", ""transform_version"": ""knowledge_builder:0.3.0""}"
DET-MFA-BYPASS-SIGNAL,EV-IAM-LOGS,requires_evidence,REQUIRES_EVIDENCE,internal_evidence_mapping,generated:knowledge_builder:sample_bundle,curated,curated,True,False,2026-06-07T01:06:38Z,knowledge_builder:0.3.0,"{""confidence"": ""internal_evidence_mapping"", ""curation_status"": ""curated"", ""deterministic"": true, ""inferred"": false, ""retrieved_at"": ""2026-06-07T01:06:38Z"", ""source_feed"": ""curated"", ""source_kind"": ""curated"", ""source_ref"": ""generated:knowledge_builder:sample_bundle"", ""source_type"": ""detection"", ""target_type"": ""evidence"", ""transform_version"": ""knowledge_builder:0.3.0""}"
DET-NON-BROWSER-UPLOAD,EV-EDR-NETWORK,requires_evidence,REQUIRES_EVIDENCE,internal_evidence_mapping,generated:knowledge_builder:sample_bundle,curated,curated,True,False,2026-06-07T01:06:38Z,knowledge_builder:0.3.0,"{""confidence"": ""internal_evidence_mapping"", ""curation_status"": ""curated"", ""deterministic"": true, ""inferred"": false, ""retrieved_at"": ""2026-06-07T01:06:38Z"", ""source_feed"": ""curated"", ""source_kind"": ""curated"", ""source_ref"": ""generated:knowledge_builder:sample_bundle"", ""source_type"": ""detection"", ""target_type"": ""evidence"", ""transform_version"": ""knowledge_builder:0.3.0""}"
DET-PUBLIC-APP-EXPLOIT-ATTEMPT,EV-HTTP-REQUEST-CONTEXT,requires_evidence,REQUIRES_EVIDENCE,high,curated:evidence,curated,curated,True,False,2026-06-07T01:06:38Z,mapping_backbone:0.2.1,"{""confidence"": ""high"", ""curation_status"": ""public-compatible"", ""deterministic"": true, ""inferred"": false, ""license"": ""attack2defend-curated-baseline"", ""mapping_file"": ""data/mappings/backbone_core.json"", ""owner"": ""SOC"", ""retrieved_at"": ""2026-06-07T01:06:38Z"", ""source_feed"": ""curated"", ""source_kind"": ""curated"", ""source_ref"": ""curated:evidence"", ""source_type"": ""detection"", ""target_type"": ""evidence"", ""transform_version"": ""mapping_backbone:0.2.1""}"
DET-RPC-EXPLOIT-ATTEMPT,EV-FIREWALL-LOGS,requires_evidence,REQUIRES_EVIDENCE,internal_evidence_mapping,generated:knowledge_builder:sample_bundle,curated,curated,True,False,2026-06-07T01:06:38Z,knowledge_builder:0.3.0,"{""confidence"": ""internal_evidence_mapping"", ""curation_status"": ""curated"", ""deterministic"": true, ""inferred"": false, ""retrieved_at"": ""2026-06-07T01:06:38Z"", ""source_feed"": ""curated"", ""source_kind"": ""curated"", ""source_ref"": ""generated:knowledge_builder:sample_bundle"", ""source_type"": ""detection"", ""target_type"": ""evidence"", ""transform_version"": ""knowledge_builder:0.3.0""}"
DET-UNUSUAL-WEB-UPLOAD,EV-EGRESS-DESTINATION-VOLUME,requires_evidence,REQUIRES_EVIDENCE,medium,curated:evidence,curated,curated,True,False,2026-06-07T01:06:38Z,mapping_backbone:0.2.1,"{""confidence"": ""medium"", ""curation_status"": ""public-compatible"", ""deterministic"": true, ""inferred"": false, ""license"": ""attack2defend-curated-baseline"", ""mapping_file"": ""data/mappings/backbone_core.json"", ""owner"": ""SOC"", ""retrieved_at"": ""2026-06-07T01:06:38Z"", ""source_feed"": ""curated"", ""source_kind"": ""curated"", ""source_ref"": ""curated:evidence"", ""source_type"": ""detection"", ""target_type"": ""evidence"", ""transform_version"": ""mapping_backbone:0.2.1""}"
DET-WAF-SUSPICIOUS-PAYLOAD,EV-WAF-RULE-ACTION,requires_evidence,REQUIRES_EVIDENCE,high,curated:evidence,curated,curated,True,False,2026-06-07T01:06:38Z,mapping_backbone:0.2.1,"{""confidence"": ""high"", ""curation_status"": ""public-compatible"", ""deterministic"": true, ""inferred"": false, ""license"": ""attack2defend-curated-baseline"", ""mapping_file"": ""data/mappings/backbone_core.json"", ""owner"": ""SOC"", ""retrieved_at"": ""2026-06-07T01:06:38Z"", ""source_feed"": ""curated"", ""source_kind"": ""curated"", ""source_ref"": ""curated:evidence"", ""source_type"": ""detection"", ""target_type"": ""evidence"", ""transform_version"": ""mapping_backbone:0.2.1""}"
DET-WEB-TO-SHELL-PROCESS,EV-PROCESS-COMMAND-LINE,requires_evidence,REQUIRES_EVIDENCE,high,curated:evidence,curated,curated,True,False,2026-06-07T01:06:38Z,mapping_backbone:0.2.1,"{""confidence"": ""high"", ""curation_status"": ""public-compatible"", ""deterministic"": true, ""inferred"": false, ""license"": ""attack2defend-curated-baseline"", ""mapping_file"": ""data/mappings/backbone_core.json"", ""owner"": ""SOC"", ""retrieved_at"": ""2026-06-07T01:06:38Z"", ""source_feed"": ""curated"", ""source_kind"": ""curated"", ""source_ref"": ""curated:evidence"", ""source_type"": ""detection"", ""target_type"": ""evidence"", ""transform_version"": ""mapping_backbone:0.2.1""}"
DET-XSS-PAYLOAD,EV-WEB-APP-LOGS,requires_evidence,REQUIRES_EVIDENCE,internal_evidence_mapping,generated:knowledge_builder:sample_bundle,curated,curated,True,False,2026-06-07T01:06:38Z,knowledge_builder:0.3.0,"{""confidence"": ""internal_evidence_mapping"", ""curation_status"": ""curated"", ""deterministic"": true, ""inferred"": false, ""retrieved_at"": ""2026-06-07T01:06:38Z"", ""source_feed"": ""curated"", ""source_kind"": ""curated"", ""source_ref"": ""generated:knowledge_builder:sample_bundle"", ""source_type"": ""detection"", ""target_type"": ""evidence"", ""transform_version"": ""knowledge_builder:0.3.0""}"
EV-EGRESS-DESTINATION-VOLUME,GAP-EGRESS-BASELINE,missing_evidence_creates_gap,MISSING_EVIDENCE_CREATES_GAP,medium,curated:gap,curated,curated,True,False,2026-06-07T01:06:38Z,mapping_backbone:0.2.1,"{""confidence"": ""medium"", ""curation_status"": ""public-compatible"", ""deterministic"": true, ""inferred"": false, ""license"": ""attack2defend-curated-baseline"", ""mapping_file"": ""data/mappings/backbone_core.json"", ""owner"": ""Infra"", ""retrieved_at"": ""2026-06-07T01:06:38Z"", ""source_feed"": ""curated"", ""source_kind"": ""curated"", ""source_ref"": ""curated:gap"", ""source_type"": ""evidence"", ""target_type"": ""gap"", ""transform_version"": ""mapping_backbone:0.2.1""}"
EV-HTTP-REQUEST-CONTEXT,GAP-MISSING-APP-HTTP-LOGS,missing_evidence_creates_gap,MISSING_EVIDENCE_CREATES_GAP,high,curated:gap,curated,curated,True,False,2026-06-07T01:06:38Z,mapping_backbone:0.2.1,"{""confidence"": ""high"", ""curation_status"": ""public-compatible"", ""deterministic"": true, ""inferred"": false, ""license"": ""attack2defend-curated-baseline"", ""mapping_file"": ""data/mappings/backbone_core.json"", ""owner"": ""AppSec"", ""retrieved_at"": ""2026-06-07T01:06:38Z"", ""source_feed"": ""curated"", ""source_kind"": ""curated"", ""source_ref"": ""curated:gap"", ""source_type"": ""evidence"", ""target_type"": ""gap"", ""transform_version"": ""mapping_backbone:0.2.1""}"
EV-PROCESS-COMMAND-LINE,GAP-ENDPOINT-PROCESS-TELEMETRY,missing_evidence_creates_gap,MISSING_EVIDENCE_CREATES_GAP,high,curated:gap,curated,curated,True,False,2026-06-07T01:06:38Z,mapping_backbone:0.2.1,"{""confidence"": ""high"", ""curation_status"": ""public-compatible"", ""deterministic"": true, ""inferred"": false, ""license"": ""attack2defend-curated-baseline"", ""mapping_file"": ""data/mappings/backbone_core.json"", ""owner"": ""SOC"", ""retrieved_at"": ""2026-06-07T01:06:38Z"", ""source_feed"": ""curated"", ""source_kind"": ""curated"", ""source_ref"": ""curated:gap"", ""source_type"": ""evidence"", ""target_type"": ""gap"", ""transform_version"": ""mapping_backbone:0.2.1""}"
EV-WAF-RULE-ACTION,GAP-WAF-NOT-INGESTED,missing_evidence_creates_gap,MISSING_EVIDENCE_CREATES_GAP,high,curated:gap,curated,curated,True,False,2026-06-07T01:06:38Z,mapping_backbone:0.2.1,"{""confidence"": ""high"", ""curation_status"": ""public-compatible"", ""deterministic"": true, ""inferred"": false, ""license"": ""attack2defend-curated-baseline"", ""mapping_file"": ""data/mappings/backbone_core.json"", ""owner"": ""SOC"", ""retrieved_at"": ""2026-06-07T01:06:38Z"", ""source_feed"": ""curated"", ""source_kind"": ""curated"", ""source_ref"": ""curated:gap"", ""source_type"": ""evidence"", ""target_type"": ""gap"", ""transform_version"": ""mapping_backbone:0.2.1""}"
GAP-EGRESS-BASELINE,ACT-INFRA-BUILD-EGRESS-BASELINE,closed_by_action,CLOSED_BY_ACTION,medium,curated:action,curated,curated,True,False,2026-06-07T01:06:38Z,mapping_backbone:0.2.1,"{""confidence"": ""medium"", ""curation_status"": ""public-compatible"", ""deterministic"": true, ""inferred"": false, ""license"": ""attack2defend-curated-baseline"", ""mapping_file"": ""data/mappings/backbone_core.json"", ""owner"": ""Infra"", ""priority"": ""P1"", ""retrieved_at"": ""2026-06-07T01:06:38Z"", ""source_feed"": ""curated"", ""source_kind"": ""curated"", ""source_ref"": ""curated:action"", ""source_type"": ""gap"", ""target_type"": ""action"", ""transform_version"": ""mapping_backbone:0.2.1""}"
GAP-ENDPOINT-PROCESS-TELEMETRY,ACT-SOC-ENABLE-PROCESS-TELEMETRY,closed_by_action,CLOSED_BY_ACTION,high,curated:action,curated,curated,True,False,2026-06-07T01:06:38Z,mapping_backbone:0.2.1,"{""confidence"": ""high"", ""curation_status"": ""public-compatible"", ""deterministic"": true, ""inferred"": false, ""license"": ""attack2defend-curated-baseline"", ""mapping_file"": ""data/mappings/backbone_core.json"", ""owner"": ""SOC"", ""priority"": ""P0"", ""retrieved_at"": ""2026-06-07T01:06:38Z"", ""source_feed"": ""curated"", ""source_kind"": ""curated"", ""source_ref"": ""curated:action"", ""source_type"": ""gap"", ""target_type"": ""action"", ""transform_version"": ""mapping_backbone:0.2.1""}"
GAP-MISSING-APP-HTTP-LOGS,ACT-APPSEC-ENABLE-HTTP-TELEMETRY,closed_by_action,CLOSED_BY_ACTION,high,curated:action,curated,curated,True,False,2026-06-07T01:06:38Z,mapping_backbone:0.2.1,"{""confidence"": ""high"", ""curation_status"": ""public-compatible"", ""deterministic"": true, ""inferred"": false, ""license"": ""attack2defend-curated-baseline"", ""mapping_file"": ""data/mappings/backbone_core.json"", ""owner"": ""AppSec"", ""priority"": ""P0"", ""retrieved_at"": ""2026-06-07T01:06:38Z"", ""source_feed"": ""curated"", ""source_kind"": ""curated"", ""source_ref"": ""curated:action"", ""source_type"": ""gap"", ""target_type"": ""action"", ""transform_version"": ""mapping_backbone:0.2.1""}"
GAP-WAF-NOT-INGESTED,ACT-SOC-INGEST-WAF-LOGS,closed_by_action,CLOSED_BY_ACTION,high,curated:action,curated,curated,True,False,2026-06-07T01:06:38Z,mapping_backbone:0.2.1,"{""confidence"": ""high"", ""curation_status"": ""public-compatible"", ""deterministic"": true, ""inferred"": false, ""license"": ""attack2defend-curated-baseline"", ""mapping_file"": ""data/mappings/backbone_core.json"", ""owner"": ""SOC"", ""priority"": ""P0"", ""retrieved_at"": ""2026-06-07T01:06:38Z"", ""source_feed"": ""curated"", ""source_kind"": ""curated"", ""source_ref"": ""curated:action"", ""source_type"": ""gap"", ""target_type"": ""action"", ""transform_version"": ""mapping_backbone:0.2.1""}"
T1059,ART-ENDPOINT-PROCESS,affects_or_requires_artifact,AFFECTS_OR_REQUIRES_ARTIFACT,high,curated:soc-ctem,curated,curated,True,False,2026-06-07T01:06:38Z,mapping_backbone:0.2.1,"{""confidence"": ""high"", ""curation_status"": ""public-compatible"", ""deterministic"": true, ""inferred"": false, ""license"": ""attack2defend-curated-baseline"", ""mapping_file"": ""data/mappings/backbone_core.json"", ""owner"": ""SOC"", ""retrieved_at"": ""2026-06-07T01:06:38Z"", ""source_feed"": ""curated"", ""source_kind"": ""curated"", ""source_ref"": ""curated:soc-ctem"", ""source_type"": ""attack"", ""target_type"": ""artifact"", ""transform_version"": ""mapping_backbone:0.2.1""}"
T1059,T1105,may_lead_to_post_exploitation,MAY_LEAD_TO_POST_EXPLOITATION,medium,generated:knowledge_builder:sample_bundle,curated,curated,True,False,2026-06-07T01:06:38Z,knowledge_builder:0.3.0,"{""confidence"": ""medium"", ""curation_status"": ""curated"", ""deterministic"": true, ""inferred"": false, ""retrieved_at"": ""2026-06-07T01:06:38Z"", ""source_feed"": ""curated"", ""source_kind"": ""curated"", ""source_ref"": ""generated:knowledge_builder:sample_bundle"", ""source_type"": ""attack"", ""target_type"": ""attack"", ""transform_version"": ""knowledge_builder:0.3.0""}"
T1059,D3-PSEP,technique_mitigated_by_countermeasure,TECHNIQUE_MITIGATED_BY_COUNTERMEASURE,medium,baseline:attack-d3fend,public-compatible,public-compatible,True,False,2026-06-07T01:06:38Z,mapping_backbone:0.2.1,"{""confidence"": ""medium"", ""curation_status"": ""public-compatible"", ""deterministic"": true, ""inferred"": false, ""license"": ""attack2defend-curated-baseline"", ""mapping_file"": ""data/mappings/backbone_core.json"", ""retrieved_at"": ""2026-06-07T01:06:38Z"", ""source_feed"": ""public-compatible"", ""source_kind"": ""public-compatible"", ""source_ref"": ""baseline:attack-d3fend"", ""source_type"": ""attack"", ""target_type"": ""d3fend"", ""transform_version"": ""mapping_backbone:0.2.1""}"
T1059,D3-PA,validated_by_detection,VALIDATED_BY_DETECTION,medium,generated:knowledge_builder:sample_bundle,curated,curated,True,False,2026-06-07T01:06:38Z,knowledge_builder:0.3.0,"{""confidence"": ""medium"", ""curation_status"": ""curated"", ""deterministic"": true, ""inferred"": false, ""retrieved_at"": ""2026-06-07T01:06:38Z"", ""source_feed"": ""curated"", ""source_kind"": ""curated"", ""source_ref"": ""generated:knowledge_builder:sample_bundle"", ""source_type"": ""attack"", ""target_type"": ""d3fend"", ""transform_version"": ""knowledge_builder:0.3.0""}"
T1059,D3-PSA,validated_by_detection,VALIDATED_BY_DETECTION,medium,generated:knowledge_builder:sample_bundle,curated,curated,True,False,2026-06-07T01:06:38Z,knowledge_builder:0.3.0,"{""confidence"": ""medium"", ""curation_status"": ""curated"", ""deterministic"": true, ""inferred"": false, ""retrieved_at"": ""2026-06-07T01:06:38Z"", ""source_feed"": ""curated"", ""source_kind"": ""curated"", ""source_ref"": ""generated:knowledge_builder:sample_bundle"", ""source_type"": ""attack"", ""target_type"": ""d3fend"", ""transform_version"": ""knowledge_builder:0.3.0""}"
T1059.004,D3-EI,technique_mitigated_by_countermeasure,TECHNIQUE_MITIGATED_BY_COUNTERMEASURE,medium,curated:cve-2026-23479,curated,curated,True,False,2026-06-07T01:06:38Z,mapping_backbone:0.2.1,"{""confidence"": ""medium"", ""curation_status"": ""curated"", ""deterministic"": true, ""inferred"": false, ""license"": ""attack2defend-curated-baseline"", ""mapping_file"": ""data/mappings/curated/cve_2026_23479_redis_uaf.json"", ""retrieved_at"": ""2026-06-07T01:06:38Z"", ""source_feed"": ""curated"", ""source_kind"": ""curated"", ""source_ref"": ""curated:cve-2026-23479"", ""source_type"": ""attack"", ""target_type"": ""d3fend"", ""transform_version"": ""mapping_backbone:0.2.1""}"
T1059.004,D3-PSEP,technique_mitigated_by_countermeasure,TECHNIQUE_MITIGATED_BY_COUNTERMEASURE,medium,curated:cve-2026-23479,curated,curated,True,False,2026-06-07T01:06:38Z,mapping_backbone:0.2.1,"{""confidence"": ""medium"", ""curation_status"": ""curated"", ""deterministic"": true, ""inferred"": false, ""license"": ""attack2defend-curated-baseline"", ""mapping_file"": ""data/mappings/curated/cve_2026_23479_redis_uaf.json"", ""retrieved_at"": ""2026-06-07T01:06:38Z"", ""source_feed"": ""curated"", ""source_kind"": ""curated"", ""source_ref"": ""curated:cve-2026-23479"", ""source_type"": ""attack"", ""target_type"": ""d3fend"", ""transform_version"": ""mapping_backbone:0.2.1""}"
T1059.004,D3-RN,technique_mitigated_by_countermeasure,TECHNIQUE_MITIGATED_BY_COUNTERMEASURE,medium,curated:cve-2026-23479,curated,curated,True,False,2026-06-07T01:06:38Z,mapping_backbone:0.2.1,"{""confidence"": ""medium"", ""curation_status"": ""curated"", ""deterministic"": true, ""inferred"": false, ""license"": ""attack2defend-curated-baseline"", ""mapping_file"": ""data/mappings/curated/cve_2026_23479_redis_uaf.json"", ""retrieved_at"": ""2026-06-07T01:06:38Z"", ""source_feed"": ""curated"", ""source_kind"": ""curated"", ""source_ref"": ""curated:cve-2026-23479"", ""source_type"": ""attack"", ""target_type"": ""d3fend"", ""transform_version"": ""mapping_backbone:0.2.1""}"
T1059.004,D3-SCH,technique_mitigated_by_countermeasure,TECHNIQUE_MITIGATED_BY_COUNTERMEASURE,medium,curated:cve-2026-23479,curated,curated,True,False,2026-06-07T01:06:38Z,mapping_backbone:0.2.1,"{""confidence"": ""medium"", ""curation_status"": ""curated"", ""deterministic"": true, ""inferred"": false, ""license"": ""attack2defend-curated-baseline"", ""mapping_file"": ""data/mappings/curated/cve_2026_23479_redis_uaf.json"", ""retrieved_at"": ""2026-06-07T01:06:38Z"", ""source_feed"": ""curated"", ""source_kind"": ""curated"", ""source_ref"": ""curated:cve-2026-23479"", ""source_type"": ""attack"", ""target_type"": ""d3fend"", ""transform_version"": ""mapping_backbone:0.2.1""}"
T1078,ART-CREDENTIAL,affects_or_requires_artifact,AFFECTS_OR_REQUIRES_ARTIFACT,curated,generated:knowledge_builder:sample_bundle,curated,curated,True,False,2026-06-07T01:06:38Z,knowledge_builder:0.3.0,"{""confidence"": ""curated"", ""curation_status"": ""curated"", ""deterministic"": true, ""inferred"": false, ""retrieved_at"": ""2026-06-07T01:06:38Z"", ""source_feed"": ""curated"", ""source_kind"": ""curated"", ""source_ref"": ""generated:knowledge_builder:sample_bundle"", ""source_type"": ""attack"", ""target_type"": ""artifact"", ""transform_version"": ""knowledge_builder:0.3.0""}"
T1078,ART-REMOTE-SESSION,affects_or_requires_artifact,AFFECTS_OR_REQUIRES_ARTIFACT,curated,generated:knowledge_builder:sample_bundle,curated,curated,True,False,2026-06-07T01:06:38Z,knowledge_builder:0.3.0,"{""confidence"": ""curated"", ""curation_status"": ""curated"", ""deterministic"": true, ""inferred"": false, ""retrieved_at"": ""2026-06-07T01:06:38Z"", ""source_feed"": ""curated"", ""source_kind"": ""curated"", ""source_ref"": ""generated:knowledge_builder:sample_bundle"", ""source_type"": ""attack"", ""target_type"": ""artifact"", ""transform_version"": ""knowledge_builder:0.3.0""}"
T1078,ART-USER-ACCOUNT,affects_or_requires_artifact,AFFECTS_OR_REQUIRES_ARTIFACT,curated,generated:knowledge_builder:sample_bundle,curated,curated,True,False,2026-06-07T01:06:38Z,knowledge_builder:0.3.0,"{""confidence"": ""curated"", ""curation_status"": ""curated"", ""deterministic"": true, ""inferred"": false, ""retrieved_at"": ""2026-06-07T01:06:38Z"", ""source_feed"": ""curated"", ""source_kind"": ""curated"", ""source_ref"": ""generated:knowledge_builder:sample_bundle"", ""source_type"": ""attack"", ""target_type"": ""artifact"", ""transform_version"": ""knowledge_builder:0.3.0""}"
T1105,T1071,may_lead_to_post_exploitation,MAY_LEAD_TO_POST_EXPLOITATION,medium,generated:knowledge_builder:sample_bundle,curated,curated,True,False,2026-06-07T01:06:38Z,knowledge_builder:0.3.0,"{""confidence"": ""medium"", ""curation_status"": ""curated"", ""deterministic"": true, ""inferred"": false, ""retrieved_at"": ""2026-06-07T01:06:38Z"", ""source_feed"": ""curated"", ""source_kind"": ""curated"", ""source_ref"": ""generated:knowledge_builder:sample_bundle"", ""source_type"": ""attack"", ""target_type"": ""attack"", ""transform_version"": ""knowledge_builder:0.3.0""}"
T1110,ART-CREDENTIAL,affects_or_requires_artifact,AFFECTS_OR_REQUIRES_ARTIFACT,curated,generated:knowledge_builder:sample_bundle,curated,curated,True,False,2026-06-07T01:06:38Z,knowledge_builder:0.3.0,"{""confidence"": ""curated"", ""curation_status"": ""curated"", ""deterministic"": true, ""inferred"": false, ""retrieved_at"": ""2026-06-07T01:06:38Z"", ""source_feed"": ""curated"", ""source_kind"": ""curated"", ""source_ref"": ""generated:knowledge_builder:sample_bundle"", ""source_type"": ""attack"", ""target_type"": ""artifact"", ""transform_version"": ""knowledge_builder:0.3.0""}"
T1190,ART-INTERNET-FACING-APP,affects_or_requires_artifact,AFFECTS_OR_REQUIRES_ARTIFACT,high,curated:soc-ctem,curated,curated,True,False,2026-06-07T01:06:38Z,mapping_backbone:0.2.1,"{""confidence"": ""high"", ""curation_status"": ""public-compatible"", ""deterministic"": true, ""inferred"": false, ""license"": ""attack2defend-curated-baseline"", ""mapping_file"": ""data/mappings/backbone_core.json"", ""owner"": ""AppSec"", ""retrieved_at"": ""2026-06-07T01:06:38Z"", ""source_feed"": ""curated"", ""source_kind"": ""curated"", ""source_ref"": ""curated:soc-ctem"", ""source_type"": ""attack"", ""target_type"": ""artifact"", ""transform_version"": ""mapping_backbone:0.2.1""}"
T1190,ART-RPC-NETWORK-TRAFFIC,affects_or_requires_artifact,AFFECTS_OR_REQUIRES_ARTIFACT,curated,generated:knowledge_builder:sample_bundle,curated,curated,True,False,2026-06-07T01:06:38Z,knowledge_builder:0.3.0,"{""confidence"": ""curated"", ""curation_status"": ""curated"", ""deterministic"": true, ""inferred"": false, ""retrieved_at"": ""2026-06-07T01:06:38Z"", ""source_feed"": ""curated"", ""source_kind"": ""curated"", ""source_ref"": ""generated:knowledge_builder:sample_bundle"", ""source_type"": ""attack"", ""target_type"": ""artifact"", ""transform_version"": ""knowledge_builder:0.3.0""}"
T1190,ART-VCENTER-SERVICE,affects_or_requires_artifact,AFFECTS_OR_REQUIRES_ARTIFACT,curated,generated:knowledge_builder:sample_bundle,curated,curated,True,False,2026-06-07T01:06:38Z,knowledge_builder:0.3.0,"{""confidence"": ""curated"", ""curation_status"": ""curated"", ""deterministic"": true, ""inferred"": false, ""retrieved_at"": ""2026-06-07T01:06:38Z"", ""source_feed"": ""curated"", ""source_kind"": ""curated"", ""source_ref"": ""generated:knowledge_builder:sample_bundle"", ""source_type"": ""attack"", ""target_type"": ""artifact"", ""transform_version"": ""knowledge_builder:0.3.0""}"
T1190,ART-WAF-LOG,affects_or_requires_artifact,AFFECTS_OR_REQUIRES_ARTIFACT,high,curated:soc-ctem,curated,curated,True,False,2026-06-07T01:06:38Z,mapping_backbone:0.2.1,"{""confidence"": ""high"", ""curation_status"": ""public-compatible"", ""deterministic"": true, ""inferred"": false, ""license"": ""attack2defend-curated-baseline"", ""mapping_file"": ""data/mappings/backbone_core.json"", ""owner"": ""SOC"", ""retrieved_at"": ""2026-06-07T01:06:38Z"", ""source_feed"": ""curated"", ""source_kind"": ""curated"", ""source_ref"": ""curated:soc-ctem"", ""source_type"": ""attack"", ""target_type"": ""artifact"", ""transform_version"": ""mapping_backbone:0.2.1""}"
T1190,T1059,may_lead_to_post_exploitation,MAY_LEAD_TO_POST_EXPLOITATION,medium,generated:knowledge_builder:sample_bundle,curated,curated,True,False,2026-06-07T01:06:38Z,knowledge_builder:0.3.0,"{""confidence"": ""medium"", ""curation_status"": ""curated"", ""deterministic"": true, ""inferred"": false, ""retrieved_at"": ""2026-06-07T01:06:38Z"", ""source_feed"": ""curated"", ""source_kind"": ""curated"", ""source_ref"": ""generated:knowledge_builder:sample_bundle"", ""source_type"": ""attack"", ""target_type"": ""attack"", ""transform_version"": ""knowledge_builder:0.3.0""}"
T1190,T1059.004,may_lead_to_post_exploitation,MAY_LEAD_TO_POST_EXPLOITATION,medium,curated:cve-2026-23479,curated,curated,True,False,2026-06-07T01:06:38Z,mapping_backbone:0.2.1,"{""confidence"": ""medium"", ""curation_status"": ""curated"", ""deterministic"": true, ""inferred"": false, ""license"": ""attack2defend-curated-baseline"", ""mapping_file"": ""data/mappings/curated/cve_2026_23479_redis_uaf.json"", ""retrieved_at"": ""2026-06-07T01:06:38Z"", ""source_feed"": ""curated"", ""source_kind"": ""curated"", ""source_ref"": ""curated:cve-2026-23479"", ""source_type"": ""attack"", ""target_type"": ""attack"", ""transform_version"": ""mapping_backbone:0.2.1""}"
T1190,D3-NTA,technique_may_be_detected_by,TECHNIQUE_MAY_BE_DETECTED_BY,high,curated:cve-2026-23479,curated,curated,True,False,2026-06-07T01:06:38Z,mapping_backbone:0.2.1,"{""confidence"": ""high"", ""curation_status"": ""curated"", ""deterministic"": true, ""inferred"": false, ""license"": ""attack2defend-curated-baseline"", ""mapping_file"": ""data/mappings/curated/cve_2026_23479_redis_uaf.json"", ""retrieved_at"": ""2026-06-07T01:06:38Z"", ""source_feed"": ""curated"", ""source_kind"": ""curated"", ""source_ref"": ""curated:cve-2026-23479"", ""source_type"": ""attack"", ""target_type"": ""d3fend"", ""transform_version"": ""mapping_backbone:0.2.1""}"
T1190,D3-AI,technique_mitigated_by_countermeasure,TECHNIQUE_MITIGATED_BY_COUNTERMEASURE,medium,generated:knowledge_builder:sample_bundle,curated,curated,True,False,2026-06-07T01:06:38Z,knowledge_builder:0.3.0,"{""confidence"": ""medium"", ""curation_status"": ""curated"", ""deterministic"": true, ""inferred"": false, ""retrieved_at"": ""2026-06-07T01:06:38Z"", ""source_feed"": ""curated"", ""source_kind"": ""curated"", ""source_ref"": ""generated:knowledge_builder:sample_bundle"", ""source_type"": ""attack"", ""target_type"": ""d3fend"", ""transform_version"": ""knowledge_builder:0.3.0""}"
T1190,D3-AVE,technique_mitigated_by_countermeasure,TECHNIQUE_MITIGATED_BY_COUNTERMEASURE,high,curated:cve-2026-23479,curated,curated,True,False,2026-06-07T01:06:38Z,mapping_backbone:0.2.1,"{""confidence"": ""high"", ""curation_status"": ""curated"", ""deterministic"": true, ""inferred"": false, ""license"": ""attack2defend-curated-baseline"", ""mapping_file"": ""data/mappings/curated/cve_2026_23479_redis_uaf.json"", ""retrieved_at"": ""2026-06-07T01:06:38Z"", ""source_feed"": ""curated"", ""source_kind"": ""curated"", ""source_ref"": ""curated:cve-2026-23479"", ""source_type"": ""attack"", ""target_type"": ""d3fend"", ""transform_version"": ""mapping_backbone:0.2.1""}"
T1190,D3-NI,technique_mitigated_by_countermeasure,TECHNIQUE_MITIGATED_BY_COUNTERMEASURE,high,curated:cve-2026-23479,curated,curated,True,False,2026-06-07T01:06:38Z,mapping_backbone:0.2.1,"{""confidence"": ""high"", ""curation_status"": ""curated"", ""deterministic"": true, ""inferred"": false, ""license"": ""attack2defend-curated-baseline"", ""mapping_file"": ""data/mappings/curated/cve_2026_23479_redis_uaf.json"", ""retrieved_at"": ""2026-06-07T01:06:38Z"", ""source_feed"": ""curated"", ""source_kind"": ""curated"", ""source_ref"": ""curated:cve-2026-23479"", ""source_type"": ""attack"", ""target_type"": ""d3fend"", ""transform_version"": ""mapping_backbone:0.2.1""}"
T1190,D3-NTF,technique_mitigated_by_countermeasure,TECHNIQUE_MITIGATED_BY_COUNTERMEASURE,high,curated:cve-2026-23479,curated,curated,True,False,2026-06-07T01:06:38Z,mapping_backbone:0.2.1,"{""confidence"": ""high"", ""curation_status"": ""curated"", ""deterministic"": true, ""inferred"": false, ""license"": ""attack2defend-curated-baseline"", ""mapping_file"": ""data/mappings/curated/cve_2026_23479_redis_uaf.json"", ""retrieved_at"": ""2026-06-07T01:06:38Z"", ""source_feed"": ""curated"", ""source_kind"": ""curated"", ""source_ref"": ""curated:cve-2026-23479"", ""source_type"": ""attack"", ""target_type"": ""d3fend"", ""transform_version"": ""mapping_backbone:0.2.1""}"
T1190,D3-SU,technique_mitigated_by_countermeasure,TECHNIQUE_MITIGATED_BY_COUNTERMEASURE,medium,generated:knowledge_builder:sample_bundle,curated,curated,True,False,2026-06-07T01:06:38Z,knowledge_builder:0.3.0,"{""confidence"": ""medium"", ""curation_status"": ""curated"", ""deterministic"": true, ""inferred"": false, ""retrieved_at"": ""2026-06-07T01:06:38Z"", ""source_feed"": ""curated"", ""source_kind"": ""curated"", ""source_ref"": ""generated:knowledge_builder:sample_bundle"", ""source_type"": ""attack"", ""target_type"": ""d3fend"", ""transform_version"": ""knowledge_builder:0.3.0""}"
T1190,D3-SWI,technique_mitigated_by_countermeasure,TECHNIQUE_MITIGATED_BY_COUNTERMEASURE,high,curated:cve-2026-23479,curated,curated,True,False,2026-06-07T01:06:38Z,mapping_backbone:0.2.1,"{""confidence"": ""high"", ""curation_status"": ""curated"", ""deterministic"": true, ""inferred"": false, ""license"": ""attack2defend-curated-baseline"", ""mapping_file"": ""data/mappings/curated/cve_2026_23479_redis_uaf.json"", ""retrieved_at"": ""2026-06-07T01:06:38Z"", ""source_feed"": ""curated"", ""source_kind"": ""curated"", ""source_ref"": ""curated:cve-2026-23479"", ""source_type"": ""attack"", ""target_type"": ""d3fend"", ""transform_version"": ""mapping_backbone:0.2.1""}"
T1190,D3-WAF,technique_mitigated_by_countermeasure,TECHNIQUE_MITIGATED_BY_COUNTERMEASURE,medium,baseline:attack-d3fend,public-compatible,public-compatible,True,False,2026-06-07T01:06:38Z,mapping_backbone:0.2.1,"{""confidence"": ""medium"", ""curation_status"": ""public-compatible"", ""deterministic"": true, ""inferred"": false, ""license"": ""attack2defend-curated-baseline"", ""mapping_file"": ""data/mappings/backbone_core.json"", ""retrieved_at"": ""2026-06-07T01:06:38Z"", ""source_feed"": ""public-compatible"", ""source_kind"": ""public-compatible"", ""source_ref"": ""baseline:attack-d3fend"", ""source_type"": ""attack"", ""target_type"": ""d3fend"", ""transform_version"": ""mapping_backbone:0.2.1""}"
T1190,D3-NTA,validated_by_detection,VALIDATED_BY_DETECTION,medium,generated:knowledge_builder:sample_bundle,curated,curated,True,False,2026-06-07T01:06:38Z,knowledge_builder:0.3.0,"{""confidence"": ""medium"", ""curation_status"": ""curated"", ""deterministic"": true, ""inferred"": false, ""retrieved_at"": ""2026-06-07T01:06:38Z"", ""source_feed"": ""curated"", ""source_kind"": ""curated"", ""source_ref"": ""generated:knowledge_builder:sample_bundle"", ""source_type"": ""attack"", ""target_type"": ""d3fend"", ""transform_version"": ""knowledge_builder:0.3.0""}"
T1210,T1059.004,may_lead_to_post_exploitation,MAY_LEAD_TO_POST_EXPLOITATION,medium,curated:cve-2026-23479,curated,curated,True,False,2026-06-07T01:06:38Z,mapping_backbone:0.2.1,"{""confidence"": ""medium"", ""curation_status"": ""curated"", ""deterministic"": true, ""inferred"": false, ""license"": ""attack2defend-curated-baseline"", ""mapping_file"": ""data/mappings/curated/cve_2026_23479_redis_uaf.json"", ""retrieved_at"": ""2026-06-07T01:06:38Z"", ""source_feed"": ""curated"", ""source_kind"": ""curated"", ""source_ref"": ""curated:cve-2026-23479"", ""source_type"": ""attack"", ""target_type"": ""attack"", ""transform_version"": ""mapping_backbone:0.2.1""}"
T1210,D3-NTA,technique_may_be_detected_by,TECHNIQUE_MAY_BE_DETECTED_BY,medium,curated:cve-2026-23479,curated,curated,True,False,2026-06-07T01:06:38Z,mapping_backbone:0.2.1,"{""confidence"": ""medium"", ""curation_status"": ""curated"", ""deterministic"": true, ""inferred"": false, ""license"": ""attack2defend-curated-baseline"", ""mapping_file"": ""data/mappings/curated/cve_2026_23479_redis_uaf.json"", ""retrieved_at"": ""2026-06-07T01:06:38Z"", ""source_feed"": ""curated"", ""source_kind"": ""curated"", ""source_ref"": ""curated:cve-2026-23479"", ""source_type"": ""attack"", ""target_type"": ""d3fend"", ""transform_version"": ""mapping_backbone:0.2.1""}"
T1210,D3-NI,technique_mitigated_by_countermeasure,TECHNIQUE_MITIGATED_BY_COUNTERMEASURE,high,curated:cve-2026-23479,curated,curated,True,False,2026-06-07T01:06:38Z,mapping_backbone:0.2.1,"{""confidence"": ""high"", ""curation_status"": ""curated"", ""deterministic"": true, ""inferred"": false, ""license"": ""attack2defend-curated-baseline"", ""mapping_file"": ""data/mappings/curated/cve_2026_23479_redis_uaf.json"", ""retrieved_at"": ""2026-06-07T01:06:38Z"", ""source_feed"": ""curated"", ""source_kind"": ""curated"", ""source_ref"": ""curated:cve-2026-23479"", ""source_type"": ""attack"", ""target_type"": ""d3fend"", ""transform_version"": ""mapping_backbone:0.2.1""}"
T1567,ART-DNS-LOOKUP,affects_or_requires_artifact,AFFECTS_OR_REQUIRES_ARTIFACT,curated,generated:knowledge_builder:sample_bundle,curated,curated,True,False,2026-06-07T01:06:38Z,knowledge_builder:0.3.0,"{""confidence"": ""curated"", ""curation_status"": ""curated"", ""deterministic"": true, ""inferred"": false, ""retrieved_at"": ""2026-06-07T01:06:38Z"", ""source_feed"": ""curated"", ""source_kind"": ""curated"", ""source_ref"": ""generated:knowledge_builder:sample_bundle"", ""source_type"": ""attack"", ""target_type"": ""artifact"", ""transform_version"": ""knowledge_builder:0.3.0""}"
T1567,ART-DOMAIN,affects_or_requires_artifact,AFFECTS_OR_REQUIRES_ARTIFACT,curated,generated:knowledge_builder:sample_bundle,curated,curated,True,False,2026-06-07T01:06:38Z,knowledge_builder:0.3.0,"{""confidence"": ""curated"", ""curation_status"": ""curated"", ""deterministic"": true, ""inferred"": false, ""retrieved_at"": ""2026-06-07T01:06:38Z"", ""source_feed"": ""curated"", ""source_kind"": ""curated"", ""source_ref"": ""generated:knowledge_builder:sample_bundle"", ""source_type"": ""attack"", ""target_type"": ""artifact"", ""transform_version"": ""knowledge_builder:0.3.0""}"
T1567,ART-EGRESS-NETWORK,affects_or_requires_artifact,AFFECTS_OR_REQUIRES_ARTIFACT,high,curated:soc-ctem,curated,curated,True,False,2026-06-07T01:06:38Z,mapping_backbone:0.2.1,"{""confidence"": ""high"", ""curation_status"": ""public-compatible"", ""deterministic"": true, ""inferred"": false, ""license"": ""attack2defend-curated-baseline"", ""mapping_file"": ""data/mappings/backbone_core.json"", ""owner"": ""SOC"", ""retrieved_at"": ""2026-06-07T01:06:38Z"", ""source_feed"": ""curated"", ""source_kind"": ""curated"", ""source_ref"": ""curated:soc-ctem"", ""source_type"": ""attack"", ""target_type"": ""artifact"", ""transform_version"": ""mapping_backbone:0.2.1""}"
T1567,ART-NETWORK-TRAFFIC,affects_or_requires_artifact,AFFECTS_OR_REQUIRES_ARTIFACT,curated,generated:knowledge_builder:sample_bundle,curated,curated,True,False,2026-06-07T01:06:38Z,knowledge_builder:0.3.0,"{""confidence"": ""curated"", ""curation_status"": ""curated"", ""deterministic"": true, ""inferred"": false, ""retrieved_at"": ""2026-06-07T01:06:38Z"", ""source_feed"": ""curated"", ""source_kind"": ""curated"", ""source_ref"": ""generated:knowledge_builder:sample_bundle"", ""source_type"": ""attack"", ""target_type"": ""artifact"", ""transform_version"": ""knowledge_builder:0.3.0""}"
T1567,ART-SENSITIVE-FILE,affects_or_requires_artifact,AFFECTS_OR_REQUIRES_ARTIFACT,curated,generated:knowledge_builder:sample_bundle,curated,curated,True,False,2026-06-07T01:06:38Z,knowledge_builder:0.3.0,"{""confidence"": ""curated"", ""curation_status"": ""curated"", ""deterministic"": true, ""inferred"": false, ""retrieved_at"": ""2026-06-07T01:06:38Z"", ""source_feed"": ""curated"", ""source_kind"": ""curated"", ""source_ref"": ""generated:knowledge_builder:sample_bundle"", ""source_type"": ""attack"", ""target_type"": ""artifact"", ""transform_version"": ""knowledge_builder:0.3.0""}"
T1567,ART-URL,affects_or_requires_artifact,AFFECTS_OR_REQUIRES_ARTIFACT,curated,generated:knowledge_builder:sample_bundle,curated,curated,True,False,2026-06-07T01:06:38Z,knowledge_builder:0.3.0,"{""confidence"": ""curated"", ""curation_status"": ""curated"", ""deterministic"": true, ""inferred"": false, ""retrieved_at"": ""2026-06-07T01:06:38Z"", ""source_feed"": ""curated"", ""source_kind"": ""curated"", ""source_ref"": ""generated:knowledge_builder:sample_bundle"", ""source_type"": ""attack"", ""target_type"": ""artifact"", ""transform_version"": ""knowledge_builder:0.3.0""}"
T1567,D3-DLP,technique_mitigated_by_countermeasure,TECHNIQUE_MITIGATED_BY_COUNTERMEASURE,medium,baseline:attack-d3fend,public-compatible,public-compatible,True,False,2026-06-07T01:06:38Z,mapping_backbone:0.2.1,"{""confidence"": ""medium"", ""curation_status"": ""public-compatible"", ""deterministic"": true, ""inferred"": false, ""license"": ""attack2defend-curated-baseline"", ""mapping_file"": ""data/mappings/backbone_core.json"", ""retrieved_at"": ""2026-06-07T01:06:38Z"", ""source_feed"": ""public-compatible"", ""source_kind"": ""public-compatible"", ""source_ref"": ""baseline:attack-d3fend"", ""source_type"": ""attack"", ""target_type"": ""d3fend"", ""transform_version"": ""mapping_backbone:0.2.1""}"
